Number,Name,Evolution_Chain,isBaby,hasGenderDifference,genderRate,hasForms,forms,isForm,Types,isLegendary,isMythical,region,shadow
1,Bulbasaur,1,FALSE,FALSE,1,FALSE,,FALSE,"[grass, poison]",FALSE,FALSE,kanto,TRUE
2,Ivysaur,1,FALSE,FALSE,1,FALSE,,FALSE,"[grass, poison]",FALSE,FALSE,kanto,TRUE
3,Venusaur,1,FALSE,TRUE,1,TRUE,"[10033, 10195]",FALSE,"[grass, poison]",FALSE,FALSE,kanto,TRUE
10033,Venusaur-mega,1,FALSE,TRUE,1,FALSE,,TRUE,"[grass, poison]",FALSE,FALSE,kanto,FALSE
10195,Venusaur-gmax,1,FALSE,TRUE,1,FALSE,,TRUE,"[grass, poison]",FALSE,FALSE,kanto,FALSE
4,Charmander,2,FALSE,FALSE,1,FALSE,,FALSE,[fire],FALSE,FALSE,kanto,TRUE
5,Charmeleon,2,FALSE,FALSE,1,FALSE,,FALSE,[fire],FALSE,FALSE,kanto,TRUE
6,Charizard,2,FALSE,FALSE,1,TRUE,"[10034, 10035, 10196]",FALSE,"[fire, flying]",FALSE,FALSE,kanto,TRUE
10034,Charizard-mega-x,2,FALSE,FALSE,1,FALSE,,TRUE,"[fire, dragon]",FALSE,FALSE,kanto,FALSE
10035,Charizard-mega-y,2,FALSE,FALSE,1,FALSE,,TRUE,"[fire, flying]",FALSE,FALSE,kanto,FALSE
10196,Charizard-gmax,2,FALSE,FALSE,1,FALSE,,TRUE,"[fire, flying]",FALSE,FALSE,kanto,FALSE
7,Squirtle,3,FALSE,FALSE,1,FALSE,,FALSE,[water],FALSE,FALSE,kanto,TRUE
8,Wartortle,3,FALSE,FALSE,1,FALSE,,FALSE,[water],FALSE,FALSE,kanto,TRUE
9,Blastoise,3,FALSE,FALSE,1,TRUE,"[10036, 10197]",FALSE,[water],FALSE,FALSE,kanto,TRUE
10036,Blastoise-mega,3,FALSE,FALSE,1,FALSE,,TRUE,[water],FALSE,FALSE,kanto,FALSE
10197,Blastoise-gmax,3,FALSE,FALSE,1,FALSE,,TRUE,[water],FALSE,FALSE,kanto,FALSE
10,Caterpie,4,FALSE,FALSE,4,FALSE,,FALSE,[bug],FALSE,FALSE,kanto,FALSE
11,Metapod,4,FALSE,FALSE,4,FALSE,,FALSE,[bug],FALSE,FALSE,kanto,FALSE
12,Butterfree,4,FALSE,TRUE,4,TRUE,[10198],FALSE,"[bug, flying]",FALSE,FALSE,kanto,FALSE
10198,Butterfree-gmax,4,FALSE,TRUE,4,FALSE,,TRUE,"[bug, flying]",FALSE,FALSE,kanto,FALSE
13,Weedle,5,FALSE,FALSE,4,FALSE,,FALSE,"[bug, poison]",FALSE,FALSE,kanto,TRUE
14,Kakuna,5,FALSE,FALSE,4,FALSE,,FALSE,"[bug, poison]",FALSE,FALSE,kanto,TRUE
15,Beedrill,5,FALSE,FALSE,4,TRUE,[10090],FALSE,"[bug, poison]",FALSE,FALSE,kanto,TRUE
10090,Beedrill-mega,5,FALSE,FALSE,4,FALSE,,TRUE,"[bug, poison]",FALSE,FALSE,kanto,FALSE
16,Pidgey,6,FALSE,FALSE,4,FALSE,,FALSE,"[normal, flying]",FALSE,FALSE,kanto,FALSE
17,Pidgeotto,6,FALSE,FALSE,4,FALSE,,FALSE,"[normal, flying]",FALSE,FALSE,kanto,FALSE
18,Pidgeot,6,FALSE,FALSE,4,TRUE,[10073],FALSE,"[normal, flying]",FALSE,FALSE,kanto,FALSE
10073,Pidgeot-mega,6,FALSE,FALSE,4,FALSE,,TRUE,"[normal, flying]",FALSE,FALSE,kanto,FALSE
19,Rattata,7,FALSE,TRUE,4,TRUE,[10091],FALSE,[normal],FALSE,FALSE,kanto,TRUE
10091,Rattata-alola,7,FALSE,TRUE,4,FALSE,,TRUE,"[dark, normal]",FALSE,FALSE,kanto,TRUE
20,Raticate,7,FALSE,TRUE,4,TRUE,"[10092, 10093]",FALSE,[normal],FALSE,FALSE,kanto,TRUE
10092,Raticate-alola,7,FALSE,TRUE,4,FALSE,,TRUE,"[dark, normal]",FALSE,FALSE,kanto,TRUE
10093,Raticate-totem-alola,7,FALSE,TRUE,4,FALSE,,TRUE,"[dark, normal]",FALSE,FALSE,kanto,FALSE
21,Spearow,8,FALSE,FALSE,4,FALSE,,FALSE,"[normal, flying]",FALSE,FALSE,kanto,FALSE
22,Fearow,8,FALSE,FALSE,4,FALSE,,FALSE,"[normal, flying]",FALSE,FALSE,kanto,FALSE
23,Ekans,9,FALSE,FALSE,4,FALSE,,FALSE,[poison],FALSE,FALSE,kanto,TRUE
24,Arbok,9,FALSE,FALSE,4,FALSE,,FALSE,[poison],FALSE,FALSE,kanto,TRUE
25,Pikachu,10,FALSE,TRUE,4,TRUE,"[10080, 10081, 10082, 10083, 10084, 10085, 10094, 10095, 10096, 10097, 10098, 10099, 10148, 10158, 10160, 10199]",FALSE,[electric],FALSE,FALSE,kanto,FALSE
10080,Pikachu-rock-star,10,FALSE,TRUE,4,FALSE,,TRUE,[electric],FALSE,FALSE,kanto,FALSE
10081,Pikachu-belle,10,FALSE,TRUE,4,FALSE,,TRUE,[electric],FALSE,FALSE,kanto,FALSE
10082,Pikachu-pop-star,10,FALSE,TRUE,4,FALSE,,TRUE,[electric],FALSE,FALSE,kanto,FALSE
10083,Pikachu-phd,10,FALSE,TRUE,4,FALSE,,TRUE,[electric],FALSE,FALSE,kanto,FALSE
10084,Pikachu-libre,10,FALSE,TRUE,4,FALSE,,TRUE,[electric],FALSE,FALSE,kanto,FALSE
10085,Pikachu-cosplay,10,FALSE,TRUE,4,FALSE,,TRUE,[electric],FALSE,FALSE,kanto,FALSE
10094,Pikachu-original-cap,10,FALSE,TRUE,4,FALSE,,TRUE,[electric],FALSE,FALSE,kanto,FALSE
10095,Pikachu-hoenn-cap,10,FALSE,TRUE,4,FALSE,,TRUE,[electric],FALSE,FALSE,kanto,FALSE
10096,Pikachu-sinnoh-cap,10,FALSE,TRUE,4,FALSE,,TRUE,[electric],FALSE,FALSE,kanto,FALSE
10097,Pikachu-unova-cap,10,FALSE,TRUE,4,FALSE,,TRUE,[electric],FALSE,FALSE,kanto,FALSE
10098,Pikachu-kalos-cap,10,FALSE,TRUE,4,FALSE,,TRUE,[electric],FALSE,FALSE,kanto,FALSE
10099,Pikachu-alola-cap,10,FALSE,TRUE,4,FALSE,,TRUE,[electric],FALSE,FALSE,kanto,FALSE
10148,Pikachu-partner-cap,10,FALSE,TRUE,4,FALSE,,TRUE,[electric],FALSE,FALSE,kanto,FALSE
10158,Pikachu-starter,10,FALSE,TRUE,4,FALSE,,TRUE,[electric],FALSE,FALSE,kanto,FALSE
10160,Pikachu-world-cap,10,FALSE,TRUE,4,FALSE,,TRUE,[electric],FALSE,FALSE,kanto,FALSE
10199,Pikachu-gmax,10,FALSE,TRUE,4,FALSE,,TRUE,[electric],FALSE,FALSE,kanto,FALSE
26,Raichu,10,FALSE,TRUE,4,TRUE,[10100],FALSE,[electric],FALSE,FALSE,kanto,FALSE
10100,Raichu-alola,10,FALSE,TRUE,4,FALSE,,TRUE,"[electric, psychic]",FALSE,FALSE,kanto,FALSE
27,Sandshrew,11,FALSE,FALSE,4,TRUE,[10101],FALSE,[ground],FALSE,FALSE,kanto,TRUE
10101,Sandshrew-alola,11,FALSE,FALSE,4,FALSE,,TRUE,"[ice, steel]",FALSE,FALSE,kanto,TRUE
28,Sandslash,11,FALSE,FALSE,4,TRUE,[10102],FALSE,[ground],FALSE,FALSE,kanto,TRUE
10102,Sandslash-alola,11,FALSE,FALSE,4,FALSE,,TRUE,"[ice, steel]",FALSE,FALSE,kanto,TRUE
29,Nidoran-f,12,FALSE,FALSE,8,FALSE,,FALSE,[poison],FALSE,FALSE,kanto,TRUE
30,Nidorina,12,FALSE,FALSE,8,FALSE,,FALSE,[poison],FALSE,FALSE,kanto,TRUE
31,Nidoqueen,12,FALSE,FALSE,8,FALSE,,FALSE,"[poison, ground]",FALSE,FALSE,kanto,TRUE
32,Nidoran-m,13,FALSE,FALSE,0,FALSE,,FALSE,[poison],FALSE,FALSE,kanto,TRUE
33,Nidorino,13,FALSE,FALSE,0,FALSE,,FALSE,[poison],FALSE,FALSE,kanto,TRUE
34,Nidoking,13,FALSE,FALSE,0,FALSE,,FALSE,"[poison, ground]",FALSE,FALSE,kanto,TRUE
35,Clefairy,14,FALSE,FALSE,6,FALSE,,FALSE,[fairy],FALSE,FALSE,kanto,FALSE
36,Clefable,14,FALSE,FALSE,6,FALSE,,FALSE,[fairy],FALSE,FALSE,kanto,FALSE
37,Vulpix,15,FALSE,FALSE,6,TRUE,[10103],FALSE,[fire],FALSE,FALSE,kanto,TRUE
10103,Vulpix-alola,15,FALSE,FALSE,6,FALSE,,TRUE,[ice],FALSE,FALSE,kanto,FALSE
38,Ninetales,15,FALSE,FALSE,6,TRUE,[10104],FALSE,[fire],FALSE,FALSE,kanto,TRUE
10104,Ninetales-alola,15,FALSE,FALSE,6,FALSE,,TRUE,"[ice, fairy]",FALSE,FALSE,kanto,FALSE
39,Jigglypuff,16,FALSE,FALSE,6,FALSE,,FALSE,"[normal, fairy]",FALSE,FALSE,kanto,FALSE
40,Wigglytuff,16,FALSE,FALSE,6,FALSE,,FALSE,"[normal, fairy]",FALSE,FALSE,kanto,FALSE
41,Zubat,17,FALSE,TRUE,4,FALSE,,FALSE,"[poison, flying]",FALSE,FALSE,kanto,TRUE
42,Golbat,17,FALSE,TRUE,4,FALSE,,FALSE,"[poison, flying]",FALSE,FALSE,kanto,TRUE
43,Oddish,18,FALSE,FALSE,4,FALSE,,FALSE,"[grass, poison]",FALSE,FALSE,kanto,TRUE
44,Gloom,18,FALSE,TRUE,4,FALSE,,FALSE,"[grass, poison]",FALSE,FALSE,kanto,TRUE
45,Vileplume,18,FALSE,TRUE,4,FALSE,,FALSE,"[grass, poison]",FALSE,FALSE,kanto,TRUE
46,Paras,19,FALSE,FALSE,4,FALSE,,FALSE,"[bug, grass]",FALSE,FALSE,kanto,FALSE
47,Parasect,19,FALSE,FALSE,4,FALSE,,FALSE,"[bug, grass]",FALSE,FALSE,kanto,FALSE
48,Venonat,20,FALSE,FALSE,4,FALSE,,FALSE,"[bug, poison]",FALSE,FALSE,kanto,FALSE
49,Venomoth,20,FALSE,FALSE,4,FALSE,,FALSE,"[bug, poison]",FALSE,FALSE,kanto,FALSE
50,Diglett,21,FALSE,FALSE,4,TRUE,[10105],FALSE,[ground],FALSE,FALSE,kanto,TRUE
10105,Diglett-alola,21,FALSE,FALSE,4,FALSE,,TRUE,"[ground, steel]",FALSE,FALSE,kanto,FALSE
51,Dugtrio,21,FALSE,FALSE,4,TRUE,[10106],FALSE,[ground],FALSE,FALSE,kanto,TRUE
10106,Dugtrio-alola,21,FALSE,FALSE,4,FALSE,,TRUE,"[ground, steel]",FALSE,FALSE,kanto,FALSE
52,Meowth,22,FALSE,FALSE,4,TRUE,"[10107, 10161, 10200]",FALSE,[normal],FALSE,FALSE,kanto,TRUE
10107,Meowth-alola,22,FALSE,FALSE,4,FALSE,,TRUE,[dark],FALSE,FALSE,kanto,FALSE
10161,Meowth-galar,22,FALSE,FALSE,4,FALSE,,TRUE,[steel],FALSE,FALSE,kanto,FALSE
10200,Meowth-gmax,22,FALSE,FALSE,4,FALSE,,TRUE,[normal],FALSE,FALSE,kanto,FALSE
53,Persian,22,FALSE,FALSE,4,TRUE,[10108],FALSE,[normal],FALSE,FALSE,kanto,TRUE
10108,Persian-alola,22,FALSE,FALSE,4,FALSE,,TRUE,[dark],FALSE,FALSE,kanto,FALSE
54,Psyduck,23,FALSE,FALSE,4,FALSE,,FALSE,[water],FALSE,FALSE,kanto,TRUE
55,Golduck,23,FALSE,FALSE,4,FALSE,,FALSE,[water],FALSE,FALSE,kanto,TRUE
56,Mankey,24,FALSE,FALSE,4,FALSE,,FALSE,[fighting],FALSE,FALSE,kanto,FALSE
57,Primeape,24,FALSE,FALSE,4,FALSE,,FALSE,[fighting],FALSE,FALSE,kanto,FALSE
58,Growlithe,25,FALSE,FALSE,2,TRUE,[10229],FALSE,[fire],FALSE,FALSE,kanto,TRUE
10229,Growlithe-hisui,25,FALSE,FALSE,2,FALSE,,TRUE,"[fire, rock]",FALSE,FALSE,kanto,FALSE
59,Arcanine,25,FALSE,FALSE,2,TRUE,[10230],FALSE,[fire],FALSE,FALSE,kanto,TRUE
10230,Arcanine-hisui,25,FALSE,FALSE,2,FALSE,,TRUE,"[fire, rock]",FALSE,FALSE,kanto,FALSE
60,Poliwag,26,FALSE,FALSE,4,FALSE,,FALSE,[water],FALSE,FALSE,kanto,TRUE
61,Poliwhirl,26,FALSE,FALSE,4,FALSE,,FALSE,[water],FALSE,FALSE,kanto,TRUE
62,Poliwrath,26,FALSE,FALSE,4,FALSE,,FALSE,"[water, fighting]",FALSE,FALSE,kanto,TRUE
63,Abra,27,FALSE,FALSE,2,FALSE,,FALSE,[psychic],FALSE,FALSE,kanto,TRUE
64,Kadabra,27,FALSE,TRUE,2,FALSE,,FALSE,[psychic],FALSE,FALSE,kanto,TRUE
65,Alakazam,27,FALSE,TRUE,2,TRUE,[10037],FALSE,[psychic],FALSE,FALSE,kanto,TRUE
10037,Alakazam-mega,27,FALSE,TRUE,2,FALSE,,TRUE,[psychic],FALSE,FALSE,kanto,FALSE
66,Machop,28,FALSE,FALSE,2,FALSE,,FALSE,[fighting],FALSE,FALSE,kanto,TRUE
67,Machoke,28,FALSE,FALSE,2,FALSE,,FALSE,[fighting],FALSE,FALSE,kanto,TRUE
68,Machamp,28,FALSE,FALSE,2,TRUE,[10201],FALSE,[fighting],FALSE,FALSE,kanto,TRUE
10201,Machamp-gmax,28,FALSE,FALSE,2,FALSE,,TRUE,[fighting],FALSE,FALSE,kanto,FALSE
69,Bellsprout,29,FALSE,FALSE,4,FALSE,,FALSE,"[grass, poison]",FALSE,FALSE,kanto,TRUE
70,Weepinbell,29,FALSE,FALSE,4,FALSE,,FALSE,"[grass, poison]",FALSE,FALSE,kanto,TRUE
71,Victreebel,29,FALSE,FALSE,4,FALSE,,FALSE,"[grass, poison]",FALSE,FALSE,kanto,TRUE
72,Tentacool,30,FALSE,FALSE,4,FALSE,,FALSE,"[water, poison]",FALSE,FALSE,kanto,FALSE
73,Tentacruel,30,FALSE,FALSE,4,FALSE,,FALSE,"[water, poison]",FALSE,FALSE,kanto,FALSE
74,Geodude,31,FALSE,FALSE,4,TRUE,[10109],FALSE,"[rock, ground]",FALSE,FALSE,kanto,TRUE
10109,Geodude-alola,31,FALSE,FALSE,4,FALSE,,TRUE,"[rock, electric]",FALSE,FALSE,kanto,FALSE
75,Graveler,31,FALSE,FALSE,4,TRUE,[10110],FALSE,"[rock, ground]",FALSE,FALSE,kanto,TRUE
10110,Graveler-alola,31,FALSE,FALSE,4,FALSE,,TRUE,"[rock, electric]",FALSE,FALSE,kanto,FALSE
76,Golem,31,FALSE,FALSE,4,TRUE,[10111],FALSE,"[rock, ground]",FALSE,FALSE,kanto,TRUE
10111,Golem-alola,31,FALSE,FALSE,4,FALSE,,TRUE,"[rock, electric]",FALSE,FALSE,kanto,FALSE
77,Ponyta,32,FALSE,FALSE,4,TRUE,[10162],FALSE,[fire],FALSE,FALSE,kanto,FALSE
10162,Ponyta-galar,32,FALSE,FALSE,4,FALSE,,TRUE,[psychic],FALSE,FALSE,kanto,FALSE
78,Rapidash,32,FALSE,FALSE,4,TRUE,[10163],FALSE,[fire],FALSE,FALSE,kanto,FALSE
10163,Rapidash-galar,32,FALSE,FALSE,4,FALSE,,TRUE,"[psychic, fairy]",FALSE,FALSE,kanto,FALSE
79,Slowpoke,33,FALSE,FALSE,4,TRUE,[10164],FALSE,"[water, psychic]",FALSE,FALSE,kanto,TRUE
10164,Slowpoke-galar,33,FALSE,FALSE,4,FALSE,,TRUE,[psychic],FALSE,FALSE,kanto,FALSE
80,Slowbro,33,FALSE,FALSE,4,TRUE,"[10071, 10165]",FALSE,"[water, psychic]",FALSE,FALSE,kanto,TRUE
10071,Slowbro-mega,33,FALSE,FALSE,4,FALSE,,TRUE,"[water, psychic]",FALSE,FALSE,kanto,FALSE
10165,Slowbro-galar,33,FALSE,FALSE,4,FALSE,,TRUE,"[poison, psychic]",FALSE,FALSE,kanto,FALSE
81,Magnemite,34,FALSE,FALSE,-1,FALSE,,FALSE,"[electric, steel]",FALSE,FALSE,kanto,TRUE
82,Magneton,34,FALSE,FALSE,-1,FALSE,,FALSE,"[electric, steel]",FALSE,FALSE,kanto,TRUE
83,Farfetchd,35,FALSE,FALSE,4,TRUE,[10166],FALSE,"[normal, flying]",FALSE,FALSE,kanto,FALSE
10166,Farfetchd-galar,35,FALSE,FALSE,4,FALSE,,TRUE,[fighting],FALSE,FALSE,kanto,FALSE
84,Doduo,36,FALSE,TRUE,4,FALSE,,FALSE,"[normal, flying]",FALSE,FALSE,kanto,FALSE
85,Dodrio,36,FALSE,TRUE,4,FALSE,,FALSE,"[normal, flying]",FALSE,FALSE,kanto,FALSE
86,Seel,37,FALSE,FALSE,4,FALSE,,FALSE,[water],FALSE,FALSE,kanto,FALSE
87,Dewgong,37,FALSE,FALSE,4,FALSE,,FALSE,"[water, ice]",FALSE,FALSE,kanto,FALSE
88,Grimer,38,FALSE,FALSE,4,TRUE,[10112],FALSE,[poison],FALSE,FALSE,kanto,TRUE
10112,Grimer-alola,38,FALSE,FALSE,4,FALSE,,TRUE,"[poison, dark]",FALSE,FALSE,kanto,FALSE
89,Muk,38,FALSE,FALSE,4,TRUE,[10113],FALSE,[poison],FALSE,FALSE,kanto,TRUE
10113,Muk-alola,38,FALSE,FALSE,4,FALSE,,TRUE,"[poison, dark]",FALSE,FALSE,kanto,FALSE
90,Shellder,39,FALSE,FALSE,4,FALSE,,FALSE,[water],FALSE,FALSE,kanto,TRUE
91,Cloyster,39,FALSE,FALSE,4,FALSE,,FALSE,"[water, ice]",FALSE,FALSE,kanto,TRUE
92,Gastly,40,FALSE,FALSE,4,FALSE,,FALSE,"[ghost, poison]",FALSE,FALSE,kanto,FALSE
93,Haunter,40,FALSE,FALSE,4,FALSE,,FALSE,"[ghost, poison]",FALSE,FALSE,kanto,FALSE
94,Gengar,40,FALSE,FALSE,4,TRUE,"[10038, 10202]",FALSE,"[ghost, poison]",FALSE,FALSE,kanto,FALSE
10038,Gengar-mega,40,FALSE,FALSE,4,FALSE,,TRUE,"[ghost, poison]",FALSE,FALSE,kanto,FALSE
10202,Gengar-gmax,40,FALSE,FALSE,4,FALSE,,TRUE,"[ghost, poison]",FALSE,FALSE,kanto,FALSE
95,Onix,41,FALSE,FALSE,4,FALSE,,FALSE,"[rock, ground]",FALSE,FALSE,kanto,FALSE
96,Drowzee,42,FALSE,FALSE,4,FALSE,,FALSE,[psychic],FALSE,FALSE,kanto,TRUE
97,Hypno,42,FALSE,TRUE,4,FALSE,,FALSE,[psychic],FALSE,FALSE,kanto,TRUE
98,Krabby,43,FALSE,FALSE,4,FALSE,,FALSE,[water],FALSE,FALSE,kanto,FALSE
99,Kingler,43,FALSE,FALSE,4,TRUE,[10203],FALSE,[water],FALSE,FALSE,kanto,FALSE
10203,Kingler-gmax,43,FALSE,FALSE,4,FALSE,,TRUE,[water],FALSE,FALSE,kanto,FALSE
100,Voltorb,44,FALSE,FALSE,-1,TRUE,[10231],FALSE,[electric],FALSE,FALSE,kanto,TRUE
10231,Voltorb-hisui,44,FALSE,FALSE,-1,FALSE,,TRUE,"[electric, grass]",FALSE,FALSE,kanto,FALSE
101,Electrode,44,FALSE,FALSE,-1,TRUE,[10232],FALSE,[electric],FALSE,FALSE,kanto,TRUE
10232,Electrode-hisui,44,FALSE,FALSE,-1,FALSE,,TRUE,"[electric, grass]",FALSE,FALSE,kanto,FALSE
102,Exeggcute,45,FALSE,FALSE,4,FALSE,,FALSE,"[grass, psychic]",FALSE,FALSE,kanto,TRUE
103,Exeggutor,45,FALSE,FALSE,4,TRUE,[10114],FALSE,"[grass, psychic]",FALSE,FALSE,kanto,TRUE
10114,Exeggutor-alola,45,FALSE,FALSE,4,FALSE,,TRUE,"[grass, dragon]",FALSE,FALSE,kanto,TRUE
104,Cubone,46,FALSE,FALSE,4,FALSE,,FALSE,[ground],FALSE,FALSE,kanto,TRUE
105,Marowak,46,FALSE,FALSE,4,TRUE,"[10115, 10149]",FALSE,[ground],FALSE,FALSE,kanto,TRUE
10115,Marowak-alola,46,FALSE,FALSE,4,FALSE,,TRUE,"[fire, ghost]",FALSE,FALSE,kanto,TRUE
10149,Marowak-totem,46,FALSE,FALSE,4,FALSE,,TRUE,"[fire, ghost]",FALSE,FALSE,kanto,FALSE
106,Hitmonlee,47,FALSE,FALSE,0,FALSE,,FALSE,[fighting],FALSE,FALSE,kanto,TRUE
107,Hitmonchan,47,FALSE,FALSE,0,FALSE,,FALSE,[fighting],FALSE,FALSE,kanto,TRUE
108,Lickitung,48,FALSE,FALSE,4,FALSE,,FALSE,[normal],FALSE,FALSE,kanto,FALSE
109,Koffing,49,FALSE,FALSE,4,FALSE,,FALSE,[poison],FALSE,FALSE,kanto,TRUE
110,Weezing,49,FALSE,FALSE,4,TRUE,[10167],FALSE,[poison],FALSE,FALSE,kanto,TRUE
10167,Weezing-galar,49,FALSE,FALSE,4,FALSE,,TRUE,"[poison, fairy]",FALSE,FALSE,kanto,FALSE
111,Rhyhorn,50,FALSE,TRUE,4,FALSE,,FALSE,"[ground, rock]",FALSE,FALSE,kanto,FALSE
112,Rhydon,50,FALSE,TRUE,4,FALSE,,FALSE,"[ground, rock]",FALSE,FALSE,kanto,FALSE
113,Chansey,51,FALSE,FALSE,8,FALSE,,FALSE,[normal],FALSE,FALSE,kanto,FALSE
114,Tangela,52,FALSE,FALSE,4,FALSE,,FALSE,[grass],FALSE,FALSE,kanto,TRUE
115,Kangaskhan,53,FALSE,FALSE,8,TRUE,[10039],FALSE,[normal],FALSE,FALSE,kanto,FALSE
10039,Kangaskhan-mega,53,FALSE,FALSE,8,FALSE,,TRUE,[normal],FALSE,FALSE,kanto,FALSE
116,Horsea,54,FALSE,FALSE,4,FALSE,,FALSE,[water],FALSE,FALSE,kanto,TRUE
117,Seadra,54,FALSE,FALSE,4,FALSE,,FALSE,[water],FALSE,FALSE,kanto,TRUE
118,Goldeen,55,FALSE,TRUE,4,FALSE,,FALSE,[water],FALSE,FALSE,kanto,FALSE
119,Seaking,55,FALSE,TRUE,4,FALSE,,FALSE,[water],FALSE,FALSE,kanto,FALSE
120,Staryu,56,FALSE,FALSE,-1,FALSE,,FALSE,[water],FALSE,FALSE,kanto,FALSE
121,Starmie,56,FALSE,FALSE,-1,FALSE,,FALSE,"[water, psychic]",FALSE,FALSE,kanto,FALSE
122,Mr-mime,57,FALSE,FALSE,4,TRUE,[10168],FALSE,"[psychic, fairy]",FALSE,FALSE,kanto,FALSE
10168,Mr-mime-galar,57,FALSE,FALSE,4,FALSE,,TRUE,"[ice, psychic]",FALSE,FALSE,kanto,FALSE
123,Scyther,58,FALSE,TRUE,4,FALSE,,FALSE,"[bug, flying]",FALSE,FALSE,kanto,TRUE
124,Jynx,59,FALSE,FALSE,8,FALSE,,FALSE,"[ice, psychic]",FALSE,FALSE,kanto,FALSE
125,Electabuzz,60,FALSE,FALSE,2,FALSE,,FALSE,[electric],FALSE,FALSE,kanto,TRUE
126,Magmar,61,FALSE,FALSE,2,FALSE,,FALSE,[fire],FALSE,FALSE,kanto,TRUE
127,Pinsir,62,FALSE,FALSE,4,TRUE,[10040],FALSE,[bug],FALSE,FALSE,kanto,TRUE
10040,Pinsir-mega,62,FALSE,FALSE,4,FALSE,,TRUE,"[bug, flying]",FALSE,FALSE,kanto,FALSE
128,Tauros,63,FALSE,FALSE,0,FALSE,,FALSE,[normal],FALSE,FALSE,kanto,FALSE
129,Magikarp,64,FALSE,TRUE,4,FALSE,,FALSE,[water],FALSE,FALSE,kanto,TRUE
130,Gyarados,64,FALSE,TRUE,4,TRUE,[10041],FALSE,"[water, flying]",FALSE,FALSE,kanto,TRUE
10041,Gyarados-mega,64,FALSE,TRUE,4,FALSE,,TRUE,"[water, dark]",FALSE,FALSE,kanto,FALSE
131,Lapras,65,FALSE,FALSE,4,TRUE,[10204],FALSE,"[water, ice]",FALSE,FALSE,kanto,TRUE
10204,Lapras-gmax,65,FALSE,FALSE,4,FALSE,,TRUE,"[water, ice]",FALSE,FALSE,kanto,FALSE
132,Ditto,66,FALSE,FALSE,-1,FALSE,,FALSE,[normal],FALSE,FALSE,kanto,FALSE
133,Eevee,67,FALSE,FALSE,1,TRUE,"[10159, 10205]",FALSE,[normal],FALSE,FALSE,kanto,FALSE
10159,Eevee-starter,67,FALSE,FALSE,1,FALSE,,TRUE,[normal],FALSE,FALSE,kanto,FALSE
10205,Eevee-gmax,67,FALSE,FALSE,1,FALSE,,TRUE,[normal],FALSE,FALSE,kanto,FALSE
134,Vaporeon,67,FALSE,FALSE,1,FALSE,,FALSE,[water],FALSE,FALSE,kanto,FALSE
135,Jolteon,67,FALSE,FALSE,1,FALSE,,FALSE,[electric],FALSE,FALSE,kanto,FALSE
136,Flareon,67,FALSE,FALSE,1,FALSE,,FALSE,[fire],FALSE,FALSE,kanto,FALSE
137,Porygon,68,FALSE,FALSE,-1,FALSE,,FALSE,[normal],FALSE,FALSE,kanto,TRUE
138,Omanyte,69,FALSE,FALSE,1,FALSE,,FALSE,"[rock, water]",FALSE,FALSE,kanto,TRUE
139,Omastar,69,FALSE,FALSE,1,FALSE,,FALSE,"[rock, water]",FALSE,FALSE,kanto,TRUE
140,Kabuto,70,FALSE,FALSE,1,FALSE,,FALSE,"[rock, water]",FALSE,FALSE,kanto,FALSE
141,Kabutops,70,FALSE,FALSE,1,FALSE,,FALSE,"[rock, water]",FALSE,FALSE,kanto,FALSE
142,Aerodactyl,71,FALSE,FALSE,1,TRUE,[10042],FALSE,"[rock, flying]",FALSE,FALSE,kanto,TRUE
10042,Aerodactyl-mega,71,FALSE,FALSE,1,FALSE,,TRUE,"[rock, flying]",FALSE,FALSE,kanto,FALSE
143,Snorlax,72,FALSE,FALSE,1,TRUE,[10206],FALSE,[normal],FALSE,FALSE,kanto,TRUE
10206,Snorlax-gmax,72,FALSE,FALSE,1,FALSE,,TRUE,[normal],FALSE,FALSE,kanto,FALSE
144,Articuno,73,FALSE,FALSE,-1,TRUE,[10169],FALSE,"[ice, flying]",TRUE,FALSE,kanto,TRUE
10169,Articuno-galar,73,FALSE,FALSE,-1,FALSE,,TRUE,"[psychic, flying]",FALSE,FALSE,kanto,FALSE
145,Zapdos,74,FALSE,FALSE,-1,TRUE,[10170],FALSE,"[electric, flying]",TRUE,FALSE,kanto,TRUE
10170,Zapdos-galar,74,FALSE,FALSE,-1,FALSE,,TRUE,"[fighting, flying]",FALSE,FALSE,kanto,FALSE
146,Moltres,75,FALSE,FALSE,-1,TRUE,[10171],FALSE,"[fire, flying]",TRUE,FALSE,kanto,TRUE
10171,Moltres-galar,75,FALSE,FALSE,-1,FALSE,,TRUE,"[dark, flying]",FALSE,FALSE,kanto,FALSE
147,Dratini,76,FALSE,FALSE,4,FALSE,,FALSE,[dragon],FALSE,FALSE,kanto,TRUE
148,Dragonair,76,FALSE,FALSE,4,FALSE,,FALSE,[dragon],FALSE,FALSE,kanto,TRUE
149,Dragonite,76,FALSE,FALSE,4,FALSE,,FALSE,"[dragon, flying]",FALSE,FALSE,kanto,TRUE
150,Mewtwo,77,FALSE,FALSE,-1,TRUE,"[10043, 10044]",FALSE,[psychic],TRUE,FALSE,kanto,TRUE
10043,Mewtwo-mega-x,77,FALSE,FALSE,-1,FALSE,,TRUE,"[psychic, fighting]",FALSE,FALSE,kanto,FALSE
10044,Mewtwo-mega-y,77,FALSE,FALSE,-1,FALSE,,TRUE,[psychic],FALSE,FALSE,kanto,FALSE
151,Mew,78,FALSE,FALSE,-1,FALSE,,FALSE,[psychic],FALSE,TRUE,kanto,FALSE
152,Chikorita,79,FALSE,FALSE,1,FALSE,,FALSE,[grass],FALSE,FALSE,johto,TRUE
153,Bayleef,79,FALSE,FALSE,1,FALSE,,FALSE,[grass],FALSE,FALSE,johto,TRUE
154,Meganium,79,FALSE,TRUE,1,FALSE,,FALSE,[grass],FALSE,FALSE,johto,TRUE
155,Cyndaquil,80,FALSE,FALSE,1,FALSE,,FALSE,[fire],FALSE,FALSE,johto,TRUE
156,Quilava,80,FALSE,FALSE,1,FALSE,,FALSE,[fire],FALSE,FALSE,johto,TRUE
157,Typhlosion,80,FALSE,FALSE,1,TRUE,[10233],FALSE,[fire],FALSE,FALSE,johto,TRUE
10233,Typhlosion-hisui,80,FALSE,FALSE,1,FALSE,,TRUE,"[fire, ghost]",FALSE,FALSE,johto,FALSE
158,Totodile,81,FALSE,FALSE,1,FALSE,,FALSE,[water],FALSE,FALSE,johto,TRUE
159,Croconaw,81,FALSE,FALSE,1,FALSE,,FALSE,[water],FALSE,FALSE,johto,TRUE
160,Feraligatr,81,FALSE,FALSE,1,FALSE,,FALSE,[water],FALSE,FALSE,johto,TRUE
161,Sentret,82,FALSE,FALSE,4,FALSE,,FALSE,[normal],FALSE,FALSE,johto,FALSE
162,Furret,82,FALSE,FALSE,4,FALSE,,FALSE,[normal],FALSE,FALSE,johto,FALSE
163,Hoothoot,83,FALSE,FALSE,4,FALSE,,FALSE,"[normal, flying]",FALSE,FALSE,johto,FALSE
164,Noctowl,83,FALSE,FALSE,4,FALSE,,FALSE,"[normal, flying]",FALSE,FALSE,johto,FALSE
165,Ledyba,84,FALSE,TRUE,4,FALSE,,FALSE,"[bug, flying]",FALSE,FALSE,johto,FALSE
166,Ledian,84,FALSE,TRUE,4,FALSE,,FALSE,"[bug, flying]",FALSE,FALSE,johto,FALSE
167,Spinarak,85,FALSE,FALSE,4,FALSE,,FALSE,"[bug, poison]",FALSE,FALSE,johto,FALSE
168,Ariados,85,FALSE,FALSE,4,FALSE,,FALSE,"[bug, poison]",FALSE,FALSE,johto,FALSE
169,Crobat,17,FALSE,FALSE,4,FALSE,,FALSE,"[poison, flying]",FALSE,FALSE,johto,TRUE
170,Chinchou,86,FALSE,FALSE,4,FALSE,,FALSE,"[water, electric]",FALSE,FALSE,johto,FALSE
171,Lanturn,86,FALSE,FALSE,4,FALSE,,FALSE,"[water, electric]",FALSE,FALSE,johto,FALSE
172,Pichu,10,TRUE,FALSE,4,FALSE,,FALSE,[electric],FALSE,FALSE,johto,FALSE
173,Cleffa,14,TRUE,FALSE,6,FALSE,,FALSE,[fairy],FALSE,FALSE,johto,FALSE
174,Igglybuff,16,TRUE,FALSE,6,FALSE,,FALSE,"[normal, fairy]",FALSE,FALSE,johto,FALSE
175,Togepi,87,TRUE,FALSE,1,FALSE,,FALSE,[fairy],FALSE,FALSE,johto,FALSE
176,Togetic,87,FALSE,FALSE,1,FALSE,,FALSE,"[fairy, flying]",FALSE,FALSE,johto,FALSE
177,Natu,88,FALSE,FALSE,4,FALSE,,FALSE,"[psychic, flying]",FALSE,FALSE,johto,FALSE
178,Xatu,88,FALSE,TRUE,4,FALSE,,FALSE,"[psychic, flying]",FALSE,FALSE,johto,FALSE
179,Mareep,89,FALSE,FALSE,4,FALSE,,FALSE,[electric],FALSE,FALSE,johto,TRUE
180,Flaaffy,89,FALSE,FALSE,4,FALSE,,FALSE,[electric],FALSE,FALSE,johto,TRUE
181,Ampharos,89,FALSE,FALSE,4,TRUE,[10045],FALSE,[electric],FALSE,FALSE,johto,TRUE
10045,Ampharos-mega,89,FALSE,FALSE,4,FALSE,,TRUE,"[electric, dragon]",FALSE,FALSE,johto,FALSE
182,Bellossom,18,FALSE,FALSE,4,FALSE,,FALSE,[grass],FALSE,FALSE,johto,TRUE
183,Marill,90,FALSE,FALSE,4,FALSE,,FALSE,"[water, fairy]",FALSE,FALSE,johto,FALSE
184,Azumarill,90,FALSE,FALSE,4,FALSE,,FALSE,"[water, fairy]",FALSE,FALSE,johto,FALSE
185,Sudowoodo,91,FALSE,TRUE,4,FALSE,,FALSE,[rock],FALSE,FALSE,johto,TRUE
186,Politoed,26,FALSE,TRUE,4,FALSE,,FALSE,[water],FALSE,FALSE,johto,TRUE
187,Hoppip,92,FALSE,FALSE,4,FALSE,,FALSE,"[grass, flying]",FALSE,FALSE,johto,TRUE
188,Skiploom,92,FALSE,FALSE,4,FALSE,,FALSE,"[grass, flying]",FALSE,FALSE,johto,TRUE
189,Jumpluff,92,FALSE,FALSE,4,FALSE,,FALSE,"[grass, flying]",FALSE,FALSE,johto,TRUE
190,Aipom,93,FALSE,TRUE,4,FALSE,,FALSE,[normal],FALSE,FALSE,johto,TRUE
191,Sunkern,94,FALSE,FALSE,4,FALSE,,FALSE,[grass],FALSE,FALSE,johto,FALSE
192,Sunflora,94,FALSE,FALSE,4,FALSE,,FALSE,[grass],FALSE,FALSE,johto,FALSE
193,Yanma,95,FALSE,FALSE,4,FALSE,,FALSE,"[bug, flying]",FALSE,FALSE,johto,FALSE
194,Wooper,96,FALSE,TRUE,4,FALSE,,FALSE,"[water, ground]",FALSE,FALSE,johto,TRUE
195,Quagsire,96,FALSE,TRUE,4,FALSE,,FALSE,"[water, ground]",FALSE,FALSE,johto,TRUE
196,Espeon,67,FALSE,FALSE,1,FALSE,,FALSE,[psychic],FALSE,FALSE,johto,FALSE
197,Umbreon,67,FALSE,FALSE,1,FALSE,,FALSE,[dark],FALSE,FALSE,johto,FALSE
198,Murkrow,97,FALSE,TRUE,4,FALSE,,FALSE,"[dark, flying]",FALSE,FALSE,johto,TRUE
199,Slowking,33,FALSE,FALSE,4,TRUE,[10172],FALSE,"[water, psychic]",FALSE,FALSE,johto,TRUE
10172,Slowking-galar,33,FALSE,FALSE,4,FALSE,,TRUE,"[poison, psychic]",FALSE,FALSE,johto,FALSE
200,Misdreavus,98,FALSE,FALSE,4,FALSE,,FALSE,[ghost],FALSE,FALSE,johto,TRUE
201,Unown,99,FALSE,FALSE,-1,FALSE,,FALSE,[psychic],FALSE,FALSE,johto,FALSE
202,Wobbuffet,100,FALSE,TRUE,4,FALSE,,FALSE,[psychic],FALSE,FALSE,johto,TRUE
203,Girafarig,101,FALSE,TRUE,4,FALSE,,FALSE,"[normal, psychic]",FALSE,FALSE,johto,TRUE
204,Pineco,102,FALSE,FALSE,4,FALSE,,FALSE,[bug],FALSE,FALSE,johto,TRUE
205,Forretress,102,FALSE,FALSE,4,FALSE,,FALSE,"[bug, steel]",FALSE,FALSE,johto,TRUE
206,Dunsparce,103,FALSE,FALSE,4,FALSE,,FALSE,[normal],FALSE,FALSE,johto,FALSE
207,Gligar,104,FALSE,TRUE,4,FALSE,,FALSE,"[ground, flying]",FALSE,FALSE,johto,TRUE
208,Steelix,41,FALSE,TRUE,4,TRUE,[10072],FALSE,"[steel, ground]",FALSE,FALSE,johto,FALSE
10072,Steelix-mega,41,FALSE,TRUE,4,FALSE,,TRUE,"[steel, ground]",FALSE,FALSE,johto,FALSE
209,Snubbull,105,FALSE,FALSE,6,FALSE,,FALSE,[fairy],FALSE,FALSE,johto,TRUE
210,Granbull,105,FALSE,FALSE,6,FALSE,,FALSE,[fairy],FALSE,FALSE,johto,TRUE
211,Qwilfish,106,FALSE,FALSE,4,TRUE,[10234],FALSE,"[water, poison]",FALSE,FALSE,johto,FALSE
10234,Qwilfish-hisui,106,FALSE,FALSE,4,FALSE,,TRUE,"[dark, poison]",FALSE,FALSE,johto,FALSE
212,Scizor,58,FALSE,TRUE,4,TRUE,[10046],FALSE,"[bug, steel]",FALSE,FALSE,johto,TRUE
10046,Scizor-mega,58,FALSE,TRUE,4,FALSE,,TRUE,"[bug, steel]",FALSE,FALSE,johto,FALSE
213,Shuckle,107,FALSE,FALSE,4,FALSE,,FALSE,"[bug, rock]",FALSE,FALSE,johto,TRUE
214,Heracross,108,FALSE,TRUE,4,TRUE,[10047],FALSE,"[bug, fighting]",FALSE,FALSE,johto,FALSE
10047,Heracross-mega,108,FALSE,TRUE,4,FALSE,,TRUE,"[bug, fighting]",FALSE,FALSE,johto,FALSE
215,Sneasel,109,FALSE,TRUE,4,TRUE,[10235],FALSE,"[dark, ice]",FALSE,FALSE,johto,TRUE
10235,Sneasel-hisui,109,FALSE,TRUE,4,FALSE,,TRUE,"[fighting, poison]",FALSE,FALSE,johto,FALSE
216,Teddiursa,110,FALSE,FALSE,4,FALSE,,FALSE,[normal],FALSE,FALSE,johto,TRUE
217,Ursaring,110,FALSE,TRUE,4,FALSE,,FALSE,[normal],FALSE,FALSE,johto,TRUE
218,Slugma,111,FALSE,FALSE,4,FALSE,,FALSE,[fire],FALSE,FALSE,johto,FALSE
219,Magcargo,111,FALSE,FALSE,4,FALSE,,FALSE,"[fire, rock]",FALSE,FALSE,johto,FALSE
220,Swinub,112,FALSE,FALSE,4,FALSE,,FALSE,"[ice, ground]",FALSE,FALSE,johto,TRUE
221,Piloswine,112,FALSE,TRUE,4,FALSE,,FALSE,"[ice, ground]",FALSE,FALSE,johto,TRUE
222,Corsola,113,FALSE,FALSE,6,TRUE,[10173],FALSE,"[water, rock]",FALSE,FALSE,johto,FALSE
10173,Corsola-galar,113,FALSE,FALSE,6,FALSE,,TRUE,[ghost],FALSE,FALSE,johto,FALSE
223,Remoraid,114,FALSE,FALSE,4,FALSE,,FALSE,[water],FALSE,FALSE,johto,FALSE
224,Octillery,114,FALSE,TRUE,4,FALSE,,FALSE,[water],FALSE,FALSE,johto,FALSE
225,Delibird,115,FALSE,FALSE,4,FALSE,,FALSE,"[ice, flying]",FALSE,FALSE,johto,TRUE
226,Mantine,116,FALSE,FALSE,4,FALSE,,FALSE,"[water, flying]",FALSE,FALSE,johto,FALSE
227,Skarmory,117,FALSE,FALSE,4,FALSE,,FALSE,"[steel, flying]",FALSE,FALSE,johto,TRUE
228,Houndour,118,FALSE,FALSE,4,FALSE,,FALSE,"[dark, fire]",FALSE,FALSE,johto,TRUE
229,Houndoom,118,FALSE,TRUE,4,TRUE,[10048],FALSE,"[dark, fire]",FALSE,FALSE,johto,TRUE
10048,Houndoom-mega,118,FALSE,TRUE,4,FALSE,,TRUE,"[dark, fire]",FALSE,FALSE,johto,FALSE
230,Kingdra,54,FALSE,FALSE,4,FALSE,,FALSE,"[water, dragon]",FALSE,FALSE,johto,TRUE
231,Phanpy,119,FALSE,FALSE,4,FALSE,,FALSE,[ground],FALSE,FALSE,johto,FALSE
232,Donphan,119,FALSE,TRUE,4,FALSE,,FALSE,[ground],FALSE,FALSE,johto,FALSE
233,Porygon2,68,FALSE,FALSE,-1,FALSE,,FALSE,[normal],FALSE,FALSE,johto,TRUE
234,Stantler,120,FALSE,FALSE,4,FALSE,,FALSE,[normal],FALSE,FALSE,johto,TRUE
235,Smeargle,121,FALSE,FALSE,4,FALSE,,FALSE,[normal],FALSE,FALSE,johto,FALSE
236,Tyrogue,47,TRUE,FALSE,0,FALSE,,FALSE,[fighting],FALSE,FALSE,johto,FALSE
237,Hitmontop,47,FALSE,FALSE,0,FALSE,,FALSE,[fighting],FALSE,FALSE,johto,FALSE
238,Smoochum,59,TRUE,FALSE,8,FALSE,,FALSE,"[ice, psychic]",FALSE,FALSE,johto,FALSE
239,Elekid,60,TRUE,FALSE,2,FALSE,,FALSE,[electric],FALSE,FALSE,johto,FALSE
240,Magby,61,TRUE,FALSE,2,FALSE,,FALSE,[fire],FALSE,FALSE,johto,FALSE
241,Miltank,122,FALSE,FALSE,8,FALSE,,FALSE,[normal],FALSE,FALSE,johto,FALSE
242,Blissey,51,FALSE,FALSE,8,FALSE,,FALSE,[normal],FALSE,FALSE,johto,FALSE
243,Raikou,123,FALSE,FALSE,-1,FALSE,,FALSE,[electric],TRUE,FALSE,johto,TRUE
244,Entei,124,FALSE,FALSE,-1,FALSE,,FALSE,[fire],TRUE,FALSE,johto,TRUE
245,Suicune,125,FALSE,FALSE,-1,FALSE,,FALSE,[water],TRUE,FALSE,johto,TRUE
246,Larvitar,126,FALSE,FALSE,4,FALSE,,FALSE,"[rock, ground]",FALSE,FALSE,johto,TRUE
247,Pupitar,126,FALSE,FALSE,4,FALSE,,FALSE,"[rock, ground]",FALSE,FALSE,johto,TRUE
248,Tyranitar,126,FALSE,FALSE,4,TRUE,[10049],FALSE,"[rock, dark]",FALSE,FALSE,johto,TRUE
10049,Tyranitar-mega,126,FALSE,FALSE,4,FALSE,,TRUE,"[rock, dark]",FALSE,FALSE,johto,FALSE
249,Lugia,127,FALSE,FALSE,-1,FALSE,,FALSE,"[psychic, flying]",TRUE,FALSE,johto,TRUE
250,Ho-oh,128,FALSE,FALSE,-1,FALSE,,FALSE,"[fire, flying]",TRUE,FALSE,johto,TRUE
251,Celebi,129,FALSE,FALSE,-1,FALSE,,FALSE,"[psychic, grass]",FALSE,TRUE,johto,FALSE
252,Treecko,130,FALSE,FALSE,1,FALSE,,FALSE,[grass],FALSE,FALSE,hoenn,FALSE
253,Grovyle,130,FALSE,FALSE,1,FALSE,,FALSE,[grass],FALSE,FALSE,hoenn,FALSE
254,Sceptile,130,FALSE,FALSE,1,TRUE,[10065],FALSE,[grass],FALSE,FALSE,hoenn,FALSE
10065,Sceptile-mega,130,FALSE,FALSE,1,FALSE,,TRUE,"[grass, dragon]",FALSE,FALSE,hoenn,FALSE
255,Torchic,131,FALSE,TRUE,1,FALSE,,FALSE,[fire],FALSE,FALSE,hoenn,FALSE
256,Combusken,131,FALSE,TRUE,1,FALSE,,FALSE,"[fire, fighting]",FALSE,FALSE,hoenn,FALSE
257,Blaziken,131,FALSE,TRUE,1,TRUE,[10050],FALSE,"[fire, fighting]",FALSE,FALSE,hoenn,FALSE
10050,Blaziken-mega,131,FALSE,TRUE,1,FALSE,,TRUE,"[fire, fighting]",FALSE,FALSE,hoenn,FALSE
258,Mudkip,132,FALSE,FALSE,1,FALSE,,FALSE,[water],FALSE,FALSE,hoenn,TRUE
259,Marshtomp,132,FALSE,FALSE,1,FALSE,,FALSE,"[water, ground]",FALSE,FALSE,hoenn,TRUE
260,Swampert,132,FALSE,FALSE,1,TRUE,[10064],FALSE,"[water, ground]",FALSE,FALSE,hoenn,TRUE
10064,Swampert-mega,132,FALSE,FALSE,1,FALSE,,TRUE,"[water, ground]",FALSE,FALSE,hoenn,FALSE
261,Poochyena,133,FALSE,FALSE,4,FALSE,,FALSE,[dark],FALSE,FALSE,hoenn,FALSE
262,Mightyena,133,FALSE,FALSE,4,FALSE,,FALSE,[dark],FALSE,FALSE,hoenn,FALSE
263,Zigzagoon,134,FALSE,FALSE,4,TRUE,[10174],FALSE,[normal],FALSE,FALSE,hoenn,FALSE
10174,Zigzagoon-galar,134,FALSE,FALSE,4,FALSE,,TRUE,"[dark, normal]",FALSE,FALSE,hoenn,FALSE
264,Linoone,134,FALSE,FALSE,4,TRUE,[10175],FALSE,[normal],FALSE,FALSE,hoenn,FALSE
10175,Linoone-galar,134,FALSE,FALSE,4,FALSE,,TRUE,"[dark, normal]",FALSE,FALSE,hoenn,FALSE
265,Wurmple,135,FALSE,FALSE,4,FALSE,,FALSE,[bug],FALSE,FALSE,hoenn,FALSE
266,Silcoon,135,FALSE,FALSE,4,FALSE,,FALSE,[bug],FALSE,FALSE,hoenn,FALSE
267,Beautifly,135,FALSE,TRUE,4,FALSE,,FALSE,"[bug, flying]",FALSE,FALSE,hoenn,FALSE
268,Cascoon,135,FALSE,FALSE,4,FALSE,,FALSE,[bug],FALSE,FALSE,hoenn,FALSE
269,Dustox,135,FALSE,TRUE,4,FALSE,,FALSE,"[bug, poison]",FALSE,FALSE,hoenn,FALSE
270,Lotad,136,FALSE,FALSE,4,FALSE,,FALSE,"[water, grass]",FALSE,FALSE,hoenn,FALSE
271,Lombre,136,FALSE,FALSE,4,FALSE,,FALSE,"[water, grass]",FALSE,FALSE,hoenn,FALSE
272,Ludicolo,136,FALSE,TRUE,4,FALSE,,FALSE,"[water, grass]",FALSE,FALSE,hoenn,FALSE
273,Seedot,137,FALSE,FALSE,4,FALSE,,FALSE,[grass],FALSE,FALSE,hoenn,TRUE
274,Nuzleaf,137,FALSE,TRUE,4,FALSE,,FALSE,"[grass, dark]",FALSE,FALSE,hoenn,TRUE
275,Shiftry,137,FALSE,TRUE,4,FALSE,,FALSE,"[grass, dark]",FALSE,FALSE,hoenn,TRUE
276,Taillow,138,FALSE,FALSE,4,FALSE,,FALSE,"[normal, flying]",FALSE,FALSE,hoenn,FALSE
277,Swellow,138,FALSE,FALSE,4,FALSE,,FALSE,"[normal, flying]",FALSE,FALSE,hoenn,FALSE
278,Wingull,139,FALSE,FALSE,4,FALSE,,FALSE,"[water, flying]",FALSE,FALSE,hoenn,FALSE
279,Pelipper,139,FALSE,FALSE,4,FALSE,,FALSE,"[water, flying]",FALSE,FALSE,hoenn,FALSE
280,Ralts,140,FALSE,FALSE,4,FALSE,,FALSE,"[psychic, fairy]",FALSE,FALSE,hoenn,TRUE
281,Kirlia,140,FALSE,FALSE,4,FALSE,,FALSE,"[psychic, fairy]",FALSE,FALSE,hoenn,TRUE
282,Gardevoir,140,FALSE,FALSE,4,TRUE,[10051],FALSE,"[psychic, fairy]",FALSE,FALSE,hoenn,TRUE
10051,Gardevoir-mega,140,FALSE,FALSE,4,FALSE,,TRUE,"[psychic, fairy]",FALSE,FALSE,hoenn,FALSE
283,Surskit,141,FALSE,FALSE,4,FALSE,,FALSE,"[bug, water]",FALSE,FALSE,hoenn,FALSE
284,Masquerain,141,FALSE,FALSE,4,FALSE,,FALSE,"[bug, flying]",FALSE,FALSE,hoenn,FALSE
285,Shroomish,142,FALSE,FALSE,4,FALSE,,FALSE,[grass],FALSE,FALSE,hoenn,FALSE
286,Breloom,142,FALSE,FALSE,4,FALSE,,FALSE,"[grass, fighting]",FALSE,FALSE,hoenn,FALSE
287,Slakoth,143,FALSE,FALSE,4,FALSE,,FALSE,[normal],FALSE,FALSE,hoenn,FALSE
288,Vigoroth,143,FALSE,FALSE,4,FALSE,,FALSE,[normal],FALSE,FALSE,hoenn,FALSE
289,Slaking,143,FALSE,FALSE,4,FALSE,,FALSE,[normal],FALSE,FALSE,hoenn,FALSE
290,Nincada,144,FALSE,FALSE,4,FALSE,,FALSE,"[bug, ground]",FALSE,FALSE,hoenn,FALSE
291,Ninjask,144,FALSE,FALSE,4,FALSE,,FALSE,"[bug, flying]",FALSE,FALSE,hoenn,FALSE
292,Shedinja,144,FALSE,FALSE,-1,FALSE,,FALSE,"[bug, ghost]",FALSE,FALSE,hoenn,FALSE
293,Whismur,145,FALSE,FALSE,4,FALSE,,FALSE,[normal],FALSE,FALSE,hoenn,TRUE
294,Loudred,145,FALSE,FALSE,4,FALSE,,FALSE,[normal],FALSE,FALSE,hoenn,TRUE
295,Exploud,145,FALSE,FALSE,4,FALSE,,FALSE,[normal],FALSE,FALSE,hoenn,TRUE
296,Makuhita,146,FALSE,FALSE,2,FALSE,,FALSE,[fighting],FALSE,FALSE,hoenn,TRUE
297,Hariyama,146,FALSE,FALSE,2,FALSE,,FALSE,[fighting],FALSE,FALSE,hoenn,TRUE
298,Azurill,90,TRUE,FALSE,6,FALSE,,FALSE,"[normal, fairy]",FALSE,FALSE,hoenn,FALSE
299,Nosepass,147,FALSE,FALSE,4,FALSE,,FALSE,[rock],FALSE,FALSE,hoenn,TRUE
300,Skitty,148,FALSE,FALSE,6,FALSE,,FALSE,[normal],FALSE,FALSE,hoenn,FALSE
301,Delcatty,148,FALSE,FALSE,6,FALSE,,FALSE,[normal],FALSE,FALSE,hoenn,FALSE
302,Sableye,149,FALSE,FALSE,4,TRUE,[10066],FALSE,"[dark, ghost]",FALSE,FALSE,hoenn,TRUE
10066,Sableye-mega,149,FALSE,FALSE,4,FALSE,,TRUE,"[dark, ghost]",FALSE,FALSE,hoenn,FALSE
303,Mawile,150,FALSE,FALSE,4,TRUE,[10052],FALSE,"[steel, fairy]",FALSE,FALSE,hoenn,TRUE
10052,Mawile-mega,150,FALSE,FALSE,4,FALSE,,TRUE,"[steel, fairy]",FALSE,FALSE,hoenn,FALSE
304,Aron,151,FALSE,FALSE,4,FALSE,,FALSE,"[steel, rock]",FALSE,FALSE,hoenn,TRUE
305,Lairon,151,FALSE,FALSE,4,FALSE,,FALSE,"[steel, rock]",FALSE,FALSE,hoenn,TRUE
306,Aggron,151,FALSE,FALSE,4,TRUE,[10053],FALSE,"[steel, rock]",FALSE,FALSE,hoenn,TRUE
10053,Aggron-mega,151,FALSE,FALSE,4,FALSE,,TRUE,[steel],FALSE,FALSE,hoenn,FALSE
307,Meditite,152,FALSE,TRUE,4,FALSE,,FALSE,"[fighting, psychic]",FALSE,FALSE,hoenn,FALSE
308,Medicham,152,FALSE,TRUE,4,TRUE,[10054],FALSE,"[fighting, psychic]",FALSE,FALSE,hoenn,FALSE
10054,Medicham-mega,152,FALSE,TRUE,4,FALSE,,TRUE,"[fighting, psychic]",FALSE,FALSE,hoenn,FALSE
309,Electrike,153,FALSE,FALSE,4,FALSE,,FALSE,[electric],FALSE,FALSE,hoenn,TRUE
310,Manectric,153,FALSE,FALSE,4,TRUE,[10055],FALSE,[electric],FALSE,FALSE,hoenn,TRUE
10055,Manectric-mega,153,FALSE,FALSE,4,FALSE,,TRUE,[electric],FALSE,FALSE,hoenn,FALSE
311,Plusle,154,FALSE,FALSE,4,FALSE,,FALSE,[electric],FALSE,FALSE,hoenn,FALSE
312,Minun,155,FALSE,FALSE,4,FALSE,,FALSE,[electric],FALSE,FALSE,hoenn,FALSE
313,Volbeat,156,FALSE,FALSE,0,FALSE,,FALSE,[bug],FALSE,FALSE,hoenn,FALSE
314,Illumise,157,FALSE,FALSE,8,FALSE,,FALSE,[bug],FALSE,FALSE,hoenn,FALSE
315,Roselia,158,FALSE,TRUE,4,FALSE,,FALSE,"[grass, poison]",FALSE,FALSE,hoenn,FALSE
316,Gulpin,159,FALSE,TRUE,4,FALSE,,FALSE,[poison],FALSE,FALSE,hoenn,FALSE
317,Swalot,159,FALSE,TRUE,4,FALSE,,FALSE,[poison],FALSE,FALSE,hoenn,FALSE
318,Carvanha,160,FALSE,FALSE,4,FALSE,,FALSE,"[water, dark]",FALSE,FALSE,hoenn,TRUE
319,Sharpedo,160,FALSE,FALSE,4,TRUE,[10070],FALSE,"[water, dark]",FALSE,FALSE,hoenn,TRUE
10070,Sharpedo-mega,160,FALSE,FALSE,4,FALSE,,TRUE,"[water, dark]",FALSE,FALSE,hoenn,FALSE
320,Wailmer,161,FALSE,FALSE,4,FALSE,,FALSE,[water],FALSE,FALSE,hoenn,FALSE
321,Wailord,161,FALSE,FALSE,4,FALSE,,FALSE,[water],FALSE,FALSE,hoenn,FALSE
322,Numel,162,FALSE,TRUE,4,FALSE,,FALSE,"[fire, ground]",FALSE,FALSE,hoenn,TRUE
323,Camerupt,162,FALSE,TRUE,4,TRUE,[10087],FALSE,"[fire, ground]",FALSE,FALSE,hoenn,TRUE
10087,Camerupt-mega,162,FALSE,TRUE,4,FALSE,,TRUE,"[fire, ground]",FALSE,FALSE,hoenn,FALSE
324,Torkoal,163,FALSE,FALSE,4,FALSE,,FALSE,[fire],FALSE,FALSE,hoenn,FALSE
325,Spoink,164,FALSE,FALSE,4,FALSE,,FALSE,[psychic],FALSE,FALSE,hoenn,FALSE
326,Grumpig,164,FALSE,FALSE,4,FALSE,,FALSE,[psychic],FALSE,FALSE,hoenn,FALSE
327,Spinda,165,FALSE,FALSE,4,FALSE,,FALSE,[normal],FALSE,FALSE,hoenn,FALSE
328,Trapinch,166,FALSE,FALSE,4,FALSE,,FALSE,[ground],FALSE,FALSE,hoenn,TRUE
329,Vibrava,166,FALSE,FALSE,4,FALSE,,FALSE,"[ground, dragon]",FALSE,FALSE,hoenn,TRUE
330,Flygon,166,FALSE,FALSE,4,FALSE,,FALSE,"[ground, dragon]",FALSE,FALSE,hoenn,TRUE
331,Cacnea,167,FALSE,FALSE,4,FALSE,,FALSE,[grass],FALSE,FALSE,hoenn,TRUE
332,Cacturne,167,FALSE,TRUE,4,FALSE,,FALSE,"[grass, dark]",FALSE,FALSE,hoenn,TRUE
333,Swablu,168,FALSE,FALSE,4,FALSE,,FALSE,"[normal, flying]",FALSE,FALSE,hoenn,FALSE
334,Altaria,168,FALSE,FALSE,4,TRUE,[10067],FALSE,"[dragon, flying]",FALSE,FALSE,hoenn,FALSE
10067,Altaria-mega,168,FALSE,FALSE,4,FALSE,,TRUE,"[dragon, fairy]",FALSE,FALSE,hoenn,FALSE
335,Zangoose,169,FALSE,FALSE,4,FALSE,,FALSE,[normal],FALSE,FALSE,hoenn,FALSE
336,Seviper,170,FALSE,FALSE,4,FALSE,,FALSE,[poison],FALSE,FALSE,hoenn,FALSE
337,Lunatone,171,FALSE,FALSE,-1,FALSE,,FALSE,"[rock, psychic]",FALSE,FALSE,hoenn,FALSE
338,Solrock,172,FALSE,FALSE,-1,FALSE,,FALSE,"[rock, psychic]",FALSE,FALSE,hoenn,FALSE
339,Barboach,173,FALSE,FALSE,4,FALSE,,FALSE,"[water, ground]",FALSE,FALSE,hoenn,FALSE
340,Whiscash,173,FALSE,FALSE,4,FALSE,,FALSE,"[water, ground]",FALSE,FALSE,hoenn,FALSE
341,Corphish,174,FALSE,FALSE,4,FALSE,,FALSE,[water],FALSE,FALSE,hoenn,FALSE
342,Crawdaunt,174,FALSE,FALSE,4,FALSE,,FALSE,"[water, dark]",FALSE,FALSE,hoenn,FALSE
343,Baltoy,175,FALSE,FALSE,-1,FALSE,,FALSE,"[ground, psychic]",FALSE,FALSE,hoenn,FALSE
344,Claydol,175,FALSE,FALSE,-1,FALSE,,FALSE,"[ground, psychic]",FALSE,FALSE,hoenn,FALSE
345,Lileep,176,FALSE,FALSE,1,FALSE,,FALSE,"[rock, grass]",FALSE,FALSE,hoenn,TRUE
346,Cradily,176,FALSE,FALSE,1,FALSE,,FALSE,"[rock, grass]",FALSE,FALSE,hoenn,TRUE
347,Anorith,177,FALSE,FALSE,1,FALSE,,FALSE,"[rock, bug]",FALSE,FALSE,hoenn,TRUE
348,Armaldo,177,FALSE,FALSE,1,FALSE,,FALSE,"[rock, bug]",FALSE,FALSE,hoenn,TRUE
349,Feebas,178,FALSE,FALSE,4,FALSE,,FALSE,[water],FALSE,FALSE,hoenn,FALSE
350,Milotic,178,FALSE,TRUE,4,FALSE,,FALSE,[water],FALSE,FALSE,hoenn,FALSE
351,Castform,179,FALSE,FALSE,4,TRUE,"[10013, 10014, 10015]",FALSE,[normal],FALSE,FALSE,hoenn,FALSE
10013,Castform-sunny,179,FALSE,FALSE,4,FALSE,,TRUE,[fire],FALSE,FALSE,hoenn,FALSE
10014,Castform-rainy,179,FALSE,FALSE,4,FALSE,,TRUE,[water],FALSE,FALSE,hoenn,FALSE
10015,Castform-snowy,179,FALSE,FALSE,4,FALSE,,TRUE,[ice],FALSE,FALSE,hoenn,FALSE
352,Kecleon,180,FALSE,FALSE,4,FALSE,,FALSE,[normal],FALSE,FALSE,hoenn,FALSE
353,Shuppet,181,FALSE,FALSE,4,FALSE,,FALSE,[ghost],FALSE,FALSE,hoenn,TRUE
354,Banette,181,FALSE,FALSE,4,TRUE,[10056],FALSE,[ghost],FALSE,FALSE,hoenn,TRUE
10056,Banette-mega,181,FALSE,FALSE,4,FALSE,,TRUE,[ghost],FALSE,FALSE,hoenn,FALSE
355,Duskull,182,FALSE,FALSE,4,FALSE,,FALSE,[ghost],FALSE,FALSE,hoenn,TRUE
356,Dusclops,182,FALSE,FALSE,4,FALSE,,FALSE,[ghost],FALSE,FALSE,hoenn,TRUE
357,Tropius,183,FALSE,FALSE,4,FALSE,,FALSE,"[grass, flying]",FALSE,FALSE,hoenn,FALSE
358,Chimecho,184,FALSE,FALSE,4,FALSE,,FALSE,[psychic],FALSE,FALSE,hoenn,FALSE
359,Absol,185,FALSE,FALSE,4,TRUE,[10057],FALSE,[dark],FALSE,FALSE,hoenn,TRUE
10057,Absol-mega,185,FALSE,FALSE,4,FALSE,,TRUE,[dark],FALSE,FALSE,hoenn,FALSE
360,Wynaut,100,TRUE,FALSE,4,FALSE,,FALSE,[psychic],FALSE,FALSE,hoenn,FALSE
361,Snorunt,186,FALSE,FALSE,4,FALSE,,FALSE,[ice],FALSE,FALSE,hoenn,FALSE
362,Glalie,186,FALSE,FALSE,4,TRUE,[10074],FALSE,[ice],FALSE,FALSE,hoenn,FALSE
10074,Glalie-mega,186,FALSE,FALSE,4,FALSE,,TRUE,[ice],FALSE,FALSE,hoenn,FALSE
363,Spheal,187,FALSE,FALSE,4,FALSE,,FALSE,"[ice, water]",FALSE,FALSE,hoenn,TRUE
364,Sealeo,187,FALSE,FALSE,4,FALSE,,FALSE,"[ice, water]",FALSE,FALSE,hoenn,TRUE
365,Walrein,187,FALSE,FALSE,4,FALSE,,FALSE,"[ice, water]",FALSE,FALSE,hoenn,TRUE
366,Clamperl,188,FALSE,FALSE,4,FALSE,,FALSE,[water],FALSE,FALSE,hoenn,FALSE
367,Huntail,188,FALSE,FALSE,4,FALSE,,FALSE,[water],FALSE,FALSE,hoenn,FALSE
368,Gorebyss,188,FALSE,FALSE,4,FALSE,,FALSE,[water],FALSE,FALSE,hoenn,FALSE
369,Relicanth,189,FALSE,TRUE,1,FALSE,,FALSE,"[water, rock]",FALSE,FALSE,hoenn,FALSE
370,Luvdisc,190,FALSE,FALSE,6,FALSE,,FALSE,[water],FALSE,FALSE,hoenn,FALSE
371,Bagon,191,FALSE,FALSE,4,FALSE,,FALSE,[dragon],FALSE,FALSE,hoenn,TRUE
372,Shelgon,191,FALSE,FALSE,4,FALSE,,FALSE,[dragon],FALSE,FALSE,hoenn,TRUE
373,Salamence,191,FALSE,FALSE,4,TRUE,[10089],FALSE,"[dragon, flying]",FALSE,FALSE,hoenn,TRUE
10089,Salamence-mega,191,FALSE,FALSE,4,FALSE,,TRUE,"[dragon, flying]",FALSE,FALSE,hoenn,FALSE
374,Beldum,192,FALSE,FALSE,-1,FALSE,,FALSE,"[steel, psychic]",FALSE,FALSE,hoenn,TRUE
375,Metang,192,FALSE,FALSE,-1,FALSE,,FALSE,"[steel, psychic]",FALSE,FALSE,hoenn,TRUE
376,Metagross,192,FALSE,FALSE,-1,TRUE,[10076],FALSE,"[steel, psychic]",FALSE,FALSE,hoenn,TRUE
10076,Metagross-mega,192,FALSE,FALSE,-1,FALSE,,TRUE,"[steel, psychic]",FALSE,FALSE,hoenn,FALSE
377,Regirock,193,FALSE,FALSE,-1,FALSE,,FALSE,[rock],TRUE,FALSE,hoenn,FALSE
378,Regice,194,FALSE,FALSE,-1,FALSE,,FALSE,[ice],TRUE,FALSE,hoenn,FALSE
379,Registeel,195,FALSE,FALSE,-1,FALSE,,FALSE,[steel],TRUE,FALSE,hoenn,FALSE
380,Latias,196,FALSE,FALSE,8,TRUE,[10062],FALSE,"[dragon, psychic]",TRUE,FALSE,hoenn,TRUE
10062,Latias-mega,196,FALSE,FALSE,8,FALSE,,TRUE,"[dragon, psychic]",FALSE,FALSE,hoenn,FALSE
381,Latios,197,FALSE,FALSE,0,TRUE,[10063],FALSE,"[dragon, psychic]",TRUE,FALSE,hoenn,TRUE
10063,Latios-mega,197,FALSE,FALSE,0,FALSE,,TRUE,"[dragon, psychic]",FALSE,FALSE,hoenn,FALSE
382,Kyogre,198,FALSE,FALSE,-1,TRUE,[10077],FALSE,[water],TRUE,FALSE,hoenn,FALSE
10077,Kyogre-primal,198,FALSE,FALSE,-1,FALSE,,TRUE,[water],FALSE,FALSE,hoenn,FALSE
383,Groudon,199,FALSE,FALSE,-1,TRUE,[10078],FALSE,[ground],TRUE,FALSE,hoenn,FALSE
10078,Groudon-primal,199,FALSE,FALSE,-1,FALSE,,TRUE,"[ground, fire]",FALSE,FALSE,hoenn,FALSE
384,Rayquaza,200,FALSE,FALSE,-1,TRUE,[10079],FALSE,"[dragon, flying]",TRUE,FALSE,hoenn,FALSE
10079,Rayquaza-mega,200,FALSE,FALSE,-1,FALSE,,TRUE,"[dragon, flying]",FALSE,FALSE,hoenn,FALSE
385,Jirachi,201,FALSE,FALSE,-1,FALSE,,FALSE,"[steel, psychic]",FALSE,TRUE,hoenn,FALSE
386,Deoxys-normal,202,FALSE,FALSE,-1,TRUE,"[10001, 10002, 10003]",FALSE,[psychic],FALSE,TRUE,hoenn,FALSE
10001,Deoxys-attack,202,FALSE,FALSE,-1,FALSE,,TRUE,[psychic],FALSE,FALSE,hoenn,FALSE
10002,Deoxys-defense,202,FALSE,FALSE,-1,FALSE,,TRUE,[psychic],FALSE,FALSE,hoenn,FALSE
10003,Deoxys-speed,202,FALSE,FALSE,-1,FALSE,,TRUE,[psychic],FALSE,FALSE,hoenn,FALSE
387,Turtwig,203,FALSE,FALSE,1,FALSE,,FALSE,[grass],FALSE,FALSE,sinnoh,TRUE
388,Grotle,203,FALSE,FALSE,1,FALSE,,FALSE,[grass],FALSE,FALSE,sinnoh,TRUE
389,Torterra,203,FALSE,FALSE,1,FALSE,,FALSE,"[grass, ground]",FALSE,FALSE,sinnoh,TRUE
390,Chimchar,204,FALSE,FALSE,1,FALSE,,FALSE,[fire],FALSE,FALSE,sinnoh,FALSE
391,Monferno,204,FALSE,FALSE,1,FALSE,,FALSE,"[fire, fighting]",FALSE,FALSE,sinnoh,FALSE
392,Infernape,204,FALSE,FALSE,1,FALSE,,FALSE,"[fire, fighting]",FALSE,FALSE,sinnoh,FALSE
393,Piplup,205,FALSE,FALSE,1,FALSE,,FALSE,[water],FALSE,FALSE,sinnoh,FALSE
394,Prinplup,205,FALSE,FALSE,1,FALSE,,FALSE,[water],FALSE,FALSE,sinnoh,FALSE
395,Empoleon,205,FALSE,FALSE,1,FALSE,,FALSE,"[water, steel]",FALSE,FALSE,sinnoh,FALSE
396,Starly,206,FALSE,TRUE,4,FALSE,,FALSE,"[normal, flying]",FALSE,FALSE,sinnoh,TRUE
397,Staravia,206,FALSE,TRUE,4,FALSE,,FALSE,"[normal, flying]",FALSE,FALSE,sinnoh,TRUE
398,Staraptor,206,FALSE,TRUE,4,FALSE,,FALSE,"[normal, flying]",FALSE,FALSE,sinnoh,TRUE
399,Bidoof,207,FALSE,TRUE,4,FALSE,,FALSE,[normal],FALSE,FALSE,sinnoh,TRUE
400,Bibarel,207,FALSE,TRUE,4,FALSE,,FALSE,"[normal, water]",FALSE,FALSE,sinnoh,TRUE
401,Kricketot,208,FALSE,TRUE,4,FALSE,,FALSE,[bug],FALSE,FALSE,sinnoh,FALSE
402,Kricketune,208,FALSE,TRUE,4,FALSE,,FALSE,[bug],FALSE,FALSE,sinnoh,FALSE
403,Shinx,209,FALSE,TRUE,4,FALSE,,FALSE,[electric],FALSE,FALSE,sinnoh,TRUE
404,Luxio,209,FALSE,TRUE,4,FALSE,,FALSE,[electric],FALSE,FALSE,sinnoh,TRUE
405,Luxray,209,FALSE,TRUE,4,FALSE,,FALSE,[electric],FALSE,FALSE,sinnoh,TRUE
406,Budew,158,TRUE,FALSE,4,FALSE,,FALSE,"[grass, poison]",FALSE,FALSE,sinnoh,FALSE
407,Roserade,158,FALSE,TRUE,4,FALSE,,FALSE,"[grass, poison]",FALSE,FALSE,sinnoh,FALSE
408,Cranidos,211,FALSE,FALSE,1,FALSE,,FALSE,[rock],FALSE,FALSE,sinnoh,FALSE
409,Rampardos,211,FALSE,FALSE,1,FALSE,,FALSE,[rock],FALSE,FALSE,sinnoh,FALSE
410,Shieldon,212,FALSE,FALSE,1,FALSE,,FALSE,"[rock, steel]",FALSE,FALSE,sinnoh,FALSE
411,Bastiodon,212,FALSE,FALSE,1,FALSE,,FALSE,"[rock, steel]",FALSE,FALSE,sinnoh,FALSE
412,Burmy,213,FALSE,FALSE,4,TRUE,[],FALSE,[bug],FALSE,FALSE,sinnoh,FALSE
413,Wormadam-plant,213,FALSE,FALSE,8,TRUE,"[10004, 10005]",FALSE,"[bug, grass]",FALSE,FALSE,sinnoh,FALSE
10004,Wormadam-sandy,213,FALSE,FALSE,8,FALSE,,TRUE,"[bug, ground]",FALSE,FALSE,sinnoh,FALSE
10005,Wormadam-trash,213,FALSE,FALSE,8,FALSE,,TRUE,"[bug, steel]",FALSE,FALSE,sinnoh,FALSE
414,Mothim,213,FALSE,FALSE,0,FALSE,,FALSE,"[bug, flying]",FALSE,FALSE,sinnoh,FALSE
415,Combee,214,FALSE,TRUE,1,FALSE,,FALSE,"[bug, flying]",FALSE,FALSE,sinnoh,FALSE
416,Vespiquen,214,FALSE,FALSE,8,FALSE,,FALSE,"[bug, flying]",FALSE,FALSE,sinnoh,FALSE
417,Pachirisu,215,FALSE,TRUE,4,FALSE,,FALSE,[electric],FALSE,FALSE,sinnoh,FALSE
418,Buizel,216,FALSE,TRUE,4,FALSE,,FALSE,[water],FALSE,FALSE,sinnoh,FALSE
419,Floatzel,216,FALSE,TRUE,4,FALSE,,FALSE,[water],FALSE,FALSE,sinnoh,FALSE
420,Cherubi,217,FALSE,FALSE,4,FALSE,,FALSE,[grass],FALSE,FALSE,sinnoh,FALSE
421,Cherrim,217,FALSE,FALSE,4,TRUE,[],FALSE,[grass],FALSE,FALSE,sinnoh,FALSE
422,Shellos,218,FALSE,FALSE,4,FALSE,,FALSE,[water],FALSE,FALSE,sinnoh,FALSE
423,Gastrodon,218,FALSE,FALSE,4,FALSE,,FALSE,"[water, ground]",FALSE,FALSE,sinnoh,FALSE
424,Ambipom,93,FALSE,TRUE,4,FALSE,,FALSE,[normal],FALSE,FALSE,sinnoh,TRUE
425,Drifloon,219,FALSE,FALSE,4,FALSE,,FALSE,"[ghost, flying]",FALSE,FALSE,sinnoh,FALSE
426,Drifblim,219,FALSE,FALSE,4,FALSE,,FALSE,"[ghost, flying]",FALSE,FALSE,sinnoh,FALSE
427,Buneary,220,FALSE,FALSE,4,FALSE,,FALSE,[normal],FALSE,FALSE,sinnoh,FALSE
428,Lopunny,220,FALSE,FALSE,4,TRUE,[10088],FALSE,[normal],FALSE,FALSE,sinnoh,FALSE
10088,Lopunny-mega,220,FALSE,FALSE,4,FALSE,,TRUE,"[normal, fighting]",FALSE,FALSE,sinnoh,FALSE
429,Mismagius,98,FALSE,FALSE,4,FALSE,,FALSE,[ghost],FALSE,FALSE,sinnoh,TRUE
430,Honchkrow,97,FALSE,FALSE,4,FALSE,,FALSE,"[dark, flying]",FALSE,FALSE,sinnoh,TRUE
431,Glameow,221,FALSE,FALSE,6,FALSE,,FALSE,[normal],FALSE,FALSE,sinnoh,FALSE
432,Purugly,221,FALSE,FALSE,6,FALSE,,FALSE,[normal],FALSE,FALSE,sinnoh,FALSE
433,Chingling,184,TRUE,FALSE,4,FALSE,,FALSE,[psychic],FALSE,FALSE,sinnoh,FALSE
434,Stunky,223,FALSE,FALSE,4,FALSE,,FALSE,"[poison, dark]",FALSE,FALSE,sinnoh,TRUE
435,Skuntank,223,FALSE,FALSE,4,FALSE,,FALSE,"[poison, dark]",FALSE,FALSE,sinnoh,TRUE
436,Bronzor,224,FALSE,FALSE,-1,FALSE,,FALSE,"[steel, psychic]",FALSE,FALSE,sinnoh,FALSE
437,Bronzong,224,FALSE,FALSE,-1,FALSE,,FALSE,"[steel, psychic]",FALSE,FALSE,sinnoh,FALSE
438,Bonsly,91,TRUE,FALSE,4,FALSE,,FALSE,[rock],FALSE,FALSE,sinnoh,FALSE
439,Mime-jr,57,TRUE,FALSE,4,FALSE,,FALSE,"[psychic, fairy]",FALSE,FALSE,sinnoh,FALSE
440,Happiny,51,TRUE,FALSE,8,FALSE,,FALSE,[normal],FALSE,FALSE,sinnoh,FALSE
441,Chatot,228,FALSE,FALSE,4,FALSE,,FALSE,"[normal, flying]",FALSE,FALSE,sinnoh,FALSE
442,Spiritomb,229,FALSE,FALSE,4,FALSE,,FALSE,"[ghost, dark]",FALSE,FALSE,sinnoh,FALSE
443,Gible,230,FALSE,TRUE,4,FALSE,,FALSE,"[dragon, ground]",FALSE,FALSE,sinnoh,FALSE
444,Gabite,230,FALSE,TRUE,4,FALSE,,FALSE,"[dragon, ground]",FALSE,FALSE,sinnoh,FALSE
445,Garchomp,230,FALSE,TRUE,4,TRUE,[10058],FALSE,"[dragon, ground]",FALSE,FALSE,sinnoh,FALSE
10058,Garchomp-mega,230,FALSE,TRUE,4,FALSE,,TRUE,"[dragon, ground]",FALSE,FALSE,sinnoh,FALSE
446,Munchlax,72,TRUE,FALSE,1,FALSE,,FALSE,[normal],FALSE,FALSE,sinnoh,FALSE
447,Riolu,232,TRUE,FALSE,1,FALSE,,FALSE,[fighting],FALSE,FALSE,sinnoh,FALSE
448,Lucario,232,FALSE,FALSE,1,TRUE,[10059],FALSE,"[fighting, steel]",FALSE,FALSE,sinnoh,FALSE
10059,Lucario-mega,232,FALSE,FALSE,1,FALSE,,TRUE,"[fighting, steel]",FALSE,FALSE,sinnoh,FALSE
449,Hippopotas,233,FALSE,TRUE,4,FALSE,,FALSE,[ground],FALSE,FALSE,sinnoh,TRUE
450,Hippowdon,233,FALSE,TRUE,4,FALSE,,FALSE,[ground],FALSE,FALSE,sinnoh,TRUE
451,Skorupi,234,FALSE,FALSE,4,FALSE,,FALSE,"[poison, bug]",FALSE,FALSE,sinnoh,TRUE
452,Drapion,234,FALSE,FALSE,4,FALSE,,FALSE,"[poison, dark]",FALSE,FALSE,sinnoh,TRUE
453,Croagunk,235,FALSE,TRUE,4,FALSE,,FALSE,"[poison, fighting]",FALSE,FALSE,sinnoh,FALSE
454,Toxicroak,235,FALSE,TRUE,4,FALSE,,FALSE,"[poison, fighting]",FALSE,FALSE,sinnoh,FALSE
455,Carnivine,236,FALSE,FALSE,4,FALSE,,FALSE,[grass],FALSE,FALSE,sinnoh,FALSE
456,Finneon,237,FALSE,TRUE,4,FALSE,,FALSE,[water],FALSE,FALSE,sinnoh,FALSE
457,Lumineon,237,FALSE,TRUE,4,FALSE,,FALSE,[water],FALSE,FALSE,sinnoh,FALSE
458,Mantyke,116,TRUE,FALSE,4,FALSE,,FALSE,"[water, flying]",FALSE,FALSE,sinnoh,FALSE
459,Snover,239,FALSE,TRUE,4,FALSE,,FALSE,"[grass, ice]",FALSE,FALSE,sinnoh,TRUE
460,Abomasnow,239,FALSE,TRUE,4,TRUE,[10060],FALSE,"[grass, ice]",FALSE,FALSE,sinnoh,TRUE
10060,Abomasnow-mega,239,FALSE,TRUE,4,FALSE,,TRUE,"[grass, ice]",FALSE,FALSE,sinnoh,FALSE
461,Weavile,109,FALSE,TRUE,4,FALSE,,FALSE,"[dark, ice]",FALSE,FALSE,sinnoh,TRUE
462,Magnezone,34,FALSE,FALSE,-1,FALSE,,FALSE,"[electric, steel]",FALSE,FALSE,sinnoh,TRUE
463,Lickilicky,48,FALSE,FALSE,4,FALSE,,FALSE,[normal],FALSE,FALSE,sinnoh,FALSE
464,Rhyperior,50,FALSE,TRUE,4,FALSE,,FALSE,"[ground, rock]",FALSE,FALSE,sinnoh,FALSE
465,Tangrowth,52,FALSE,TRUE,4,FALSE,,FALSE,[grass],FALSE,FALSE,sinnoh,TRUE
466,Electivire,60,FALSE,FALSE,2,FALSE,,FALSE,[electric],FALSE,FALSE,sinnoh,TRUE
467,Magmortar,61,FALSE,FALSE,2,FALSE,,FALSE,[fire],FALSE,FALSE,sinnoh,TRUE
468,Togekiss,87,FALSE,FALSE,1,FALSE,,FALSE,"[fairy, flying]",FALSE,FALSE,sinnoh,FALSE
469,Yanmega,95,FALSE,FALSE,4,FALSE,,FALSE,"[bug, flying]",FALSE,FALSE,sinnoh,FALSE
470,Leafeon,67,FALSE,FALSE,1,FALSE,,FALSE,[grass],FALSE,FALSE,sinnoh,FALSE
471,Glaceon,67,FALSE,FALSE,1,FALSE,,FALSE,[ice],FALSE,FALSE,sinnoh,FALSE
472,Gliscor,104,FALSE,FALSE,4,FALSE,,FALSE,"[ground, flying]",FALSE,FALSE,sinnoh,TRUE
473,Mamoswine,112,FALSE,TRUE,4,FALSE,,FALSE,"[ice, ground]",FALSE,FALSE,sinnoh,TRUE
474,Porygon-z,68,FALSE,FALSE,-1,FALSE,,FALSE,[normal],FALSE,FALSE,sinnoh,TRUE
475,Gallade,140,FALSE,FALSE,0,TRUE,[10068],FALSE,"[psychic, fighting]",FALSE,FALSE,sinnoh,TRUE
10068,Gallade-mega,140,FALSE,FALSE,0,FALSE,,TRUE,"[psychic, fighting]",FALSE,FALSE,sinnoh,FALSE
476,Probopass,147,FALSE,FALSE,4,FALSE,,FALSE,"[rock, steel]",FALSE,FALSE,sinnoh,TRUE
477,Dusknoir,182,FALSE,FALSE,4,FALSE,,FALSE,[ghost],FALSE,FALSE,sinnoh,TRUE
478,Froslass,186,FALSE,FALSE,8,FALSE,,FALSE,"[ice, ghost]",FALSE,FALSE,sinnoh,FALSE
479,Rotom,240,FALSE,FALSE,-1,TRUE,"[10008, 10009, 10010, 10011, 10012]",FALSE,"[electric, ghost]",FALSE,FALSE,sinnoh,FALSE
10008,Rotom-heat,240,FALSE,FALSE,-1,FALSE,,TRUE,"[electric, fire]",FALSE,FALSE,sinnoh,FALSE
10009,Rotom-wash,240,FALSE,FALSE,-1,FALSE,,TRUE,"[electric, water]",FALSE,FALSE,sinnoh,FALSE
10010,Rotom-frost,240,FALSE,FALSE,-1,FALSE,,TRUE,"[electric, ice]",FALSE,FALSE,sinnoh,FALSE
10011,Rotom-fan,240,FALSE,FALSE,-1,FALSE,,TRUE,"[electric, flying]",FALSE,FALSE,sinnoh,FALSE
10012,Rotom-mow,240,FALSE,FALSE,-1,FALSE,,TRUE,"[electric, grass]",FALSE,FALSE,sinnoh,FALSE
480,Uxie,241,FALSE,FALSE,-1,FALSE,,FALSE,[psychic],TRUE,FALSE,sinnoh,FALSE
481,Mesprit,242,FALSE,FALSE,-1,FALSE,,FALSE,[psychic],TRUE,FALSE,sinnoh,FALSE
482,Azelf,243,FALSE,FALSE,-1,FALSE,,FALSE,[psychic],TRUE,FALSE,sinnoh,FALSE
483,Dialga,244,FALSE,FALSE,-1,TRUE,[10245],FALSE,"[steel, dragon]",TRUE,FALSE,sinnoh,FALSE
10245,Dialga-origin,244,FALSE,FALSE,-1,FALSE,,TRUE,"[steel, dragon]",FALSE,FALSE,sinnoh,FALSE
484,Palkia,245,FALSE,FALSE,-1,TRUE,[10246],FALSE,"[water, dragon]",TRUE,FALSE,sinnoh,FALSE
10246,Palkia-origin,245,FALSE,FALSE,-1,FALSE,,TRUE,"[water, dragon]",FALSE,FALSE,sinnoh,FALSE
485,Heatran,246,FALSE,FALSE,4,FALSE,,FALSE,"[fire, steel]",TRUE,FALSE,sinnoh,FALSE
486,Regigigas,247,FALSE,FALSE,-1,FALSE,,FALSE,[normal],TRUE,FALSE,sinnoh,FALSE
487,Giratina-altered,248,FALSE,FALSE,-1,TRUE,[10007],FALSE,"[ghost, dragon]",TRUE,FALSE,sinnoh,FALSE
10007,Giratina-origin,248,FALSE,FALSE,-1,FALSE,,TRUE,"[ghost, dragon]",FALSE,FALSE,sinnoh,FALSE
488,Cresselia,249,FALSE,FALSE,8,FALSE,,FALSE,[psychic],TRUE,FALSE,sinnoh,FALSE
489,Phione,250,FALSE,FALSE,-1,FALSE,,FALSE,[water],FALSE,TRUE,sinnoh,FALSE
490,Manaphy,250,FALSE,FALSE,-1,FALSE,,FALSE,[water],FALSE,TRUE,sinnoh,FALSE
491,Darkrai,252,FALSE,FALSE,-1,FALSE,,FALSE,[dark],FALSE,TRUE,sinnoh,FALSE
492,Shaymin-land,253,FALSE,FALSE,-1,TRUE,[10006],FALSE,[grass],FALSE,TRUE,sinnoh,FALSE
10006,Shaymin-sky,253,FALSE,FALSE,-1,FALSE,,TRUE,"[grass, flying]",FALSE,FALSE,sinnoh,FALSE
493,Arceus,254,FALSE,FALSE,-1,TRUE,[],FALSE,[normal],FALSE,TRUE,sinnoh,FALSE
494,Victini,255,FALSE,FALSE,-1,FALSE,,FALSE,"[psychic, fire]",FALSE,TRUE,unova,FALSE
495,Snivy,256,FALSE,FALSE,1,FALSE,,FALSE,[grass],FALSE,FALSE,unova,FALSE
496,Servine,256,FALSE,FALSE,1,FALSE,,FALSE,[grass],FALSE,FALSE,unova,FALSE
497,Serperior,256,FALSE,FALSE,1,FALSE,,FALSE,[grass],FALSE,FALSE,unova,FALSE
498,Tepig,257,FALSE,FALSE,1,FALSE,,FALSE,[fire],FALSE,FALSE,unova,FALSE
499,Pignite,257,FALSE,FALSE,1,FALSE,,FALSE,"[fire, fighting]",FALSE,FALSE,unova,FALSE
500,Emboar,257,FALSE,FALSE,1,FALSE,,FALSE,"[fire, fighting]",FALSE,FALSE,unova,FALSE
501,Oshawott,258,FALSE,FALSE,1,FALSE,,FALSE,[water],FALSE,FALSE,unova,FALSE
502,Dewott,258,FALSE,FALSE,1,FALSE,,FALSE,[water],FALSE,FALSE,unova,FALSE
503,Samurott,258,FALSE,FALSE,1,TRUE,[10236],FALSE,[water],FALSE,FALSE,unova,FALSE
10236,Samurott-hisui,258,FALSE,FALSE,1,FALSE,,TRUE,"[water, dark]",FALSE,FALSE,unova,FALSE
504,Patrat,259,FALSE,FALSE,4,FALSE,,FALSE,[normal],FALSE,FALSE,unova,TRUE
505,Watchog,259,FALSE,FALSE,4,FALSE,,FALSE,[normal],FALSE,FALSE,unova,TRUE
506,Lillipup,260,FALSE,FALSE,4,FALSE,,FALSE,[normal],FALSE,FALSE,unova,FALSE
507,Herdier,260,FALSE,FALSE,4,FALSE,,FALSE,[normal],FALSE,FALSE,unova,FALSE
508,Stoutland,260,FALSE,FALSE,4,FALSE,,FALSE,[normal],FALSE,FALSE,unova,FALSE
509,Purrloin,261,FALSE,FALSE,4,FALSE,,FALSE,[dark],FALSE,FALSE,unova,TRUE
510,Liepard,261,FALSE,FALSE,4,FALSE,,FALSE,[dark],FALSE,FALSE,unova,TRUE
511,Pansage,262,FALSE,FALSE,1,FALSE,,FALSE,[grass],FALSE,FALSE,unova,FALSE
512,Simisage,262,FALSE,FALSE,1,FALSE,,FALSE,[grass],FALSE,FALSE,unova,FALSE
513,Pansear,263,FALSE,FALSE,1,FALSE,,FALSE,[fire],FALSE,FALSE,unova,FALSE
514,Simisear,263,FALSE,FALSE,1,FALSE,,FALSE,[fire],FALSE,FALSE,unova,FALSE
515,Panpour,264,FALSE,FALSE,1,FALSE,,FALSE,[water],FALSE,FALSE,unova,FALSE
516,Simipour,264,FALSE,FALSE,1,FALSE,,FALSE,[water],FALSE,FALSE,unova,FALSE
517,Munna,265,FALSE,FALSE,4,FALSE,,FALSE,[psychic],FALSE,FALSE,unova,FALSE
518,Musharna,265,FALSE,FALSE,4,FALSE,,FALSE,[psychic],FALSE,FALSE,unova,FALSE
519,Pidove,266,FALSE,FALSE,4,FALSE,,FALSE,"[normal, flying]",FALSE,FALSE,unova,FALSE
520,Tranquill,266,FALSE,FALSE,4,FALSE,,FALSE,"[normal, flying]",FALSE,FALSE,unova,FALSE
521,Unfezant,266,FALSE,TRUE,4,FALSE,,FALSE,"[normal, flying]",FALSE,FALSE,unova,FALSE
522,Blitzle,267,FALSE,FALSE,4,FALSE,,FALSE,[electric],FALSE,FALSE,unova,FALSE
523,Zebstrika,267,FALSE,FALSE,4,FALSE,,FALSE,[electric],FALSE,FALSE,unova,FALSE
524,Roggenrola,268,FALSE,FALSE,4,FALSE,,FALSE,[rock],FALSE,FALSE,unova,FALSE
525,Boldore,268,FALSE,FALSE,4,FALSE,,FALSE,[rock],FALSE,FALSE,unova,FALSE
526,Gigalith,268,FALSE,FALSE,4,FALSE,,FALSE,[rock],FALSE,FALSE,unova,FALSE
527,Woobat,269,FALSE,FALSE,4,FALSE,,FALSE,"[psychic, flying]",FALSE,FALSE,unova,FALSE
528,Swoobat,269,FALSE,FALSE,4,FALSE,,FALSE,"[psychic, flying]",FALSE,FALSE,unova,FALSE
529,Drilbur,270,FALSE,FALSE,4,FALSE,,FALSE,[ground],FALSE,FALSE,unova,FALSE
530,Excadrill,270,FALSE,FALSE,4,FALSE,,FALSE,"[ground, steel]",FALSE,FALSE,unova,FALSE
531,Audino,271,FALSE,FALSE,4,TRUE,[10069],FALSE,[normal],FALSE,FALSE,unova,FALSE
10069,Audino-mega,271,FALSE,FALSE,4,FALSE,,TRUE,"[normal, fairy]",FALSE,FALSE,unova,FALSE
532,Timburr,272,FALSE,FALSE,2,FALSE,,FALSE,[fighting],FALSE,FALSE,unova,FALSE
533,Gurdurr,272,FALSE,FALSE,2,FALSE,,FALSE,[fighting],FALSE,FALSE,unova,FALSE
534,Conkeldurr,272,FALSE,FALSE,2,FALSE,,FALSE,[fighting],FALSE,FALSE,unova,FALSE
535,Tympole,273,FALSE,FALSE,4,FALSE,,FALSE,[water],FALSE,FALSE,unova,FALSE
536,Palpitoad,273,FALSE,FALSE,4,FALSE,,FALSE,"[water, ground]",FALSE,FALSE,unova,FALSE
537,Seismitoad,273,FALSE,FALSE,4,FALSE,,FALSE,"[water, ground]",FALSE,FALSE,unova,FALSE
538,Throh,274,FALSE,FALSE,0,FALSE,,FALSE,[fighting],FALSE,FALSE,unova,FALSE
539,Sawk,275,FALSE,FALSE,0,FALSE,,FALSE,[fighting],FALSE,FALSE,unova,FALSE
540,Sewaddle,276,FALSE,FALSE,4,FALSE,,FALSE,"[bug, grass]",FALSE,FALSE,unova,FALSE
541,Swadloon,276,FALSE,FALSE,4,FALSE,,FALSE,"[bug, grass]",FALSE,FALSE,unova,FALSE
542,Leavanny,276,FALSE,FALSE,4,FALSE,,FALSE,"[bug, grass]",FALSE,FALSE,unova,FALSE
543,Venipede,277,FALSE,FALSE,4,FALSE,,FALSE,"[bug, poison]",FALSE,FALSE,unova,FALSE
544,Whirlipede,277,FALSE,FALSE,4,FALSE,,FALSE,"[bug, poison]",FALSE,FALSE,unova,FALSE
545,Scolipede,277,FALSE,FALSE,4,FALSE,,FALSE,"[bug, poison]",FALSE,FALSE,unova,FALSE
546,Cottonee,278,FALSE,FALSE,4,FALSE,,FALSE,"[grass, fairy]",FALSE,FALSE,unova,FALSE
547,Whimsicott,278,FALSE,FALSE,4,FALSE,,FALSE,"[grass, fairy]",FALSE,FALSE,unova,FALSE
548,Petilil,279,FALSE,FALSE,8,FALSE,,FALSE,[grass],FALSE,FALSE,unova,FALSE
549,Lilligant,279,FALSE,FALSE,8,TRUE,[10237],FALSE,[grass],FALSE,FALSE,unova,FALSE
10237,Lilligant-hisui,279,FALSE,FALSE,8,FALSE,,TRUE,"[grass, fighting]",FALSE,FALSE,unova,FALSE
550,Basculin-red-striped,280,FALSE,FALSE,4,TRUE,"[10016, 10247]",FALSE,[water],FALSE,FALSE,unova,FALSE
10016,Basculin-blue-striped,280,FALSE,FALSE,4,FALSE,,TRUE,[water],FALSE,FALSE,unova,FALSE
10247,Basculin-white-striped,280,FALSE,FALSE,4,FALSE,,TRUE,[water],FALSE,FALSE,unova,FALSE
551,Sandile,281,FALSE,FALSE,4,FALSE,,FALSE,"[ground, dark]",FALSE,FALSE,unova,FALSE
552,Krokorok,281,FALSE,FALSE,4,FALSE,,FALSE,"[ground, dark]",FALSE,FALSE,unova,FALSE
553,Krookodile,281,FALSE,FALSE,4,FALSE,,FALSE,"[ground, dark]",FALSE,FALSE,unova,FALSE
554,Darumaka,282,FALSE,FALSE,4,TRUE,[10176],FALSE,[fire],FALSE,FALSE,unova,FALSE
10176,Darumaka-galar,282,FALSE,FALSE,4,FALSE,,TRUE,[ice],FALSE,FALSE,unova,FALSE
555,Darmanitan-standard,282,FALSE,FALSE,4,TRUE,"[10017, 10177, 10178]",FALSE,[fire],FALSE,FALSE,unova,FALSE
10017,Darmanitan-zen,282,FALSE,FALSE,4,FALSE,,TRUE,"[fire, psychic]",FALSE,FALSE,unova,FALSE
10177,Darmanitan-galar-standard,282,FALSE,FALSE,4,FALSE,,TRUE,[ice],FALSE,FALSE,unova,FALSE
10178,Darmanitan-galar-zen,282,FALSE,FALSE,4,FALSE,,TRUE,"[ice, fire]",FALSE,FALSE,unova,FALSE
556,Maractus,283,FALSE,FALSE,4,FALSE,,FALSE,[grass],FALSE,FALSE,unova,FALSE
557,Dwebble,284,FALSE,FALSE,4,FALSE,,FALSE,"[bug, rock]",FALSE,FALSE,unova,FALSE
558,Crustle,284,FALSE,FALSE,4,FALSE,,FALSE,"[bug, rock]",FALSE,FALSE,unova,FALSE
559,Scraggy,285,FALSE,FALSE,4,FALSE,,FALSE,"[dark, fighting]",FALSE,FALSE,unova,FALSE
560,Scrafty,285,FALSE,FALSE,4,FALSE,,FALSE,"[dark, fighting]",FALSE,FALSE,unova,FALSE
561,Sigilyph,286,FALSE,FALSE,4,FALSE,,FALSE,"[psychic, flying]",FALSE,FALSE,unova,FALSE
562,Yamask,287,FALSE,FALSE,4,TRUE,[10179],FALSE,[ghost],FALSE,FALSE,unova,FALSE
10179,Yamask-galar,287,FALSE,FALSE,4,FALSE,,TRUE,"[ground, ghost]",FALSE,FALSE,unova,FALSE
563,Cofagrigus,287,FALSE,FALSE,4,FALSE,,FALSE,[ghost],FALSE,FALSE,unova,FALSE
564,Tirtouga,288,FALSE,FALSE,1,FALSE,,FALSE,"[water, rock]",FALSE,FALSE,unova,FALSE
565,Carracosta,288,FALSE,FALSE,1,FALSE,,FALSE,"[water, rock]",FALSE,FALSE,unova,FALSE
566,Archen,289,FALSE,FALSE,1,FALSE,,FALSE,"[rock, flying]",FALSE,FALSE,unova,FALSE
567,Archeops,289,FALSE,FALSE,1,FALSE,,FALSE,"[rock, flying]",FALSE,FALSE,unova,FALSE
568,Trubbish,290,FALSE,FALSE,4,FALSE,,FALSE,[poison],FALSE,FALSE,unova,FALSE
569,Garbodor,290,FALSE,FALSE,4,TRUE,[10207],FALSE,[poison],FALSE,FALSE,unova,FALSE
10207,Garbodor-gmax,290,FALSE,FALSE,4,FALSE,,TRUE,[poison],FALSE,FALSE,unova,FALSE
570,Zorua,291,FALSE,FALSE,1,TRUE,[10238],FALSE,[dark],FALSE,FALSE,unova,FALSE
10238,Zorua-hisui,291,FALSE,FALSE,1,FALSE,,TRUE,"[normal, ghost]",FALSE,FALSE,unova,FALSE
571,Zoroark,291,FALSE,FALSE,1,TRUE,[10239],FALSE,[dark],FALSE,FALSE,unova,FALSE
10239,Zoroark-hisui,291,FALSE,FALSE,1,FALSE,,TRUE,"[normal, ghost]",FALSE,FALSE,unova,FALSE
572,Minccino,292,FALSE,FALSE,6,FALSE,,FALSE,[normal],FALSE,FALSE,unova,FALSE
573,Cinccino,292,FALSE,FALSE,6,FALSE,,FALSE,[normal],FALSE,FALSE,unova,FALSE
574,Gothita,293,FALSE,FALSE,6,FALSE,,FALSE,[psychic],FALSE,FALSE,unova,FALSE
575,Gothorita,293,FALSE,FALSE,6,FALSE,,FALSE,[psychic],FALSE,FALSE,unova,FALSE
576,Gothitelle,293,FALSE,FALSE,6,FALSE,,FALSE,[psychic],FALSE,FALSE,unova,FALSE
577,Solosis,294,FALSE,FALSE,4,FALSE,,FALSE,[psychic],FALSE,FALSE,unova,FALSE
578,Duosion,294,FALSE,FALSE,4,FALSE,,FALSE,[psychic],FALSE,FALSE,unova,FALSE
579,Reuniclus,294,FALSE,FALSE,4,FALSE,,FALSE,[psychic],FALSE,FALSE,unova,FALSE
580,Ducklett,295,FALSE,FALSE,4,FALSE,,FALSE,"[water, flying]",FALSE,FALSE,unova,TRUE
581,Swanna,295,FALSE,FALSE,4,FALSE,,FALSE,"[water, flying]",FALSE,FALSE,unova,TRUE
582,Vanillite,296,FALSE,FALSE,4,FALSE,,FALSE,[ice],FALSE,FALSE,unova,FALSE
583,Vanillish,296,FALSE,FALSE,4,FALSE,,FALSE,[ice],FALSE,FALSE,unova,FALSE
584,Vanilluxe,296,FALSE,FALSE,4,FALSE,,FALSE,[ice],FALSE,FALSE,unova,FALSE
585,Deerling,297,FALSE,FALSE,4,TRUE,[],FALSE,"[normal, grass]",FALSE,FALSE,unova,FALSE
586,Sawsbuck,297,FALSE,FALSE,4,TRUE,[],FALSE,"[normal, grass]",FALSE,FALSE,unova,FALSE
587,Emolga,298,FALSE,FALSE,4,FALSE,,FALSE,"[electric, flying]",FALSE,FALSE,unova,FALSE
588,Karrablast,299,FALSE,FALSE,4,FALSE,,FALSE,[bug],FALSE,FALSE,unova,FALSE
589,Escavalier,299,FALSE,FALSE,4,FALSE,,FALSE,"[bug, steel]",FALSE,FALSE,unova,FALSE
590,Foongus,300,FALSE,FALSE,4,FALSE,,FALSE,"[grass, poison]",FALSE,FALSE,unova,TRUE
591,Amoonguss,300,FALSE,FALSE,4,FALSE,,FALSE,"[grass, poison]",FALSE,FALSE,unova,TRUE
592,Frillish,301,FALSE,TRUE,4,FALSE,,FALSE,"[water, ghost]",FALSE,FALSE,unova,FALSE
593,Jellicent,301,FALSE,TRUE,4,FALSE,,FALSE,"[water, ghost]",FALSE,FALSE,unova,FALSE
594,Alomomola,302,FALSE,FALSE,4,FALSE,,FALSE,[water],FALSE,FALSE,unova,FALSE
595,Joltik,303,FALSE,FALSE,4,FALSE,,FALSE,"[bug, electric]",FALSE,FALSE,unova,FALSE
596,Galvantula,303,FALSE,FALSE,4,FALSE,,FALSE,"[bug, electric]",FALSE,FALSE,unova,FALSE
597,Ferroseed,304,FALSE,FALSE,4,FALSE,,FALSE,"[grass, steel]",FALSE,FALSE,unova,FALSE
598,Ferrothorn,304,FALSE,FALSE,4,FALSE,,FALSE,"[grass, steel]",FALSE,FALSE,unova,FALSE
599,Klink,305,FALSE,FALSE,-1,FALSE,,FALSE,[steel],FALSE,FALSE,unova,FALSE
600,Klang,305,FALSE,FALSE,-1,FALSE,,FALSE,[steel],FALSE,FALSE,unova,FALSE
601,Klinklang,305,FALSE,FALSE,-1,FALSE,,FALSE,[steel],FALSE,FALSE,unova,FALSE
602,Tynamo,306,FALSE,FALSE,4,FALSE,,FALSE,[electric],FALSE,FALSE,unova,FALSE
603,Eelektrik,306,FALSE,FALSE,4,FALSE,,FALSE,[electric],FALSE,FALSE,unova,FALSE
604,Eelektross,306,FALSE,FALSE,4,FALSE,,FALSE,[electric],FALSE,FALSE,unova,FALSE
605,Elgyem,307,FALSE,FALSE,4,FALSE,,FALSE,[psychic],FALSE,FALSE,unova,FALSE
606,Beheeyem,307,FALSE,FALSE,4,FALSE,,FALSE,[psychic],FALSE,FALSE,unova,FALSE
607,Litwick,308,FALSE,FALSE,4,FALSE,,FALSE,"[ghost, fire]",FALSE,FALSE,unova,FALSE
608,Lampent,308,FALSE,FALSE,4,FALSE,,FALSE,"[ghost, fire]",FALSE,FALSE,unova,FALSE
609,Chandelure,308,FALSE,FALSE,4,FALSE,,FALSE,"[ghost, fire]",FALSE,FALSE,unova,FALSE
610,Axew,309,FALSE,FALSE,4,FALSE,,FALSE,[dragon],FALSE,FALSE,unova,FALSE
611,Fraxure,309,FALSE,FALSE,4,FALSE,,FALSE,[dragon],FALSE,FALSE,unova,FALSE
612,Haxorus,309,FALSE,FALSE,4,FALSE,,FALSE,[dragon],FALSE,FALSE,unova,FALSE
613,Cubchoo,310,FALSE,FALSE,4,FALSE,,FALSE,[ice],FALSE,FALSE,unova,FALSE
614,Beartic,310,FALSE,FALSE,4,FALSE,,FALSE,[ice],FALSE,FALSE,unova,FALSE
615,Cryogonal,311,FALSE,FALSE,-1,FALSE,,FALSE,[ice],FALSE,FALSE,unova,FALSE
616,Shelmet,312,FALSE,FALSE,4,FALSE,,FALSE,[bug],FALSE,FALSE,unova,FALSE
617,Accelgor,312,FALSE,FALSE,4,FALSE,,FALSE,[bug],FALSE,FALSE,unova,FALSE
618,Stunfisk,313,FALSE,FALSE,4,TRUE,[10180],FALSE,"[ground, electric]",FALSE,FALSE,unova,FALSE
10180,Stunfisk-galar,313,FALSE,FALSE,4,FALSE,,TRUE,"[ground, steel]",FALSE,FALSE,unova,FALSE
619,Mienfoo,314,FALSE,FALSE,4,FALSE,,FALSE,[fighting],FALSE,FALSE,unova,FALSE
620,Mienshao,314,FALSE,FALSE,4,FALSE,,FALSE,[fighting],FALSE,FALSE,unova,FALSE
621,Druddigon,315,FALSE,FALSE,4,FALSE,,FALSE,[dragon],FALSE,FALSE,unova,FALSE
622,Golett,316,FALSE,FALSE,-1,FALSE,,FALSE,"[ground, ghost]",FALSE,FALSE,unova,FALSE
623,Golurk,316,FALSE,FALSE,-1,FALSE,,FALSE,"[ground, ghost]",FALSE,FALSE,unova,FALSE
624,Pawniard,317,FALSE,FALSE,4,FALSE,,FALSE,"[dark, steel]",FALSE,FALSE,unova,FALSE
625,Bisharp,317,FALSE,FALSE,4,FALSE,,FALSE,"[dark, steel]",FALSE,FALSE,unova,FALSE
626,Bouffalant,318,FALSE,FALSE,4,FALSE,,FALSE,[normal],FALSE,FALSE,unova,FALSE
627,Rufflet,319,FALSE,FALSE,0,FALSE,,FALSE,"[normal, flying]",FALSE,FALSE,unova,FALSE
628,Braviary,319,FALSE,FALSE,0,TRUE,[10240],FALSE,"[normal, flying]",FALSE,FALSE,unova,FALSE
10240,Braviary-hisui,319,FALSE,FALSE,0,FALSE,,TRUE,"[psychic, flying]",FALSE,FALSE,unova,FALSE
629,Vullaby,320,FALSE,FALSE,8,FALSE,,FALSE,"[dark, flying]",FALSE,FALSE,unova,FALSE
630,Mandibuzz,320,FALSE,FALSE,8,FALSE,,FALSE,"[dark, flying]",FALSE,FALSE,unova,FALSE
631,Heatmor,321,FALSE,FALSE,4,FALSE,,FALSE,[fire],FALSE,FALSE,unova,FALSE
632,Durant,322,FALSE,FALSE,4,FALSE,,FALSE,"[bug, steel]",FALSE,FALSE,unova,FALSE
633,Deino,323,FALSE,FALSE,4,FALSE,,FALSE,"[dark, dragon]",FALSE,FALSE,unova,FALSE
634,Zweilous,323,FALSE,FALSE,4,FALSE,,FALSE,"[dark, dragon]",FALSE,FALSE,unova,FALSE
635,Hydreigon,323,FALSE,FALSE,4,FALSE,,FALSE,"[dark, dragon]",FALSE,FALSE,unova,FALSE
636,Larvesta,324,FALSE,FALSE,4,FALSE,,FALSE,"[bug, fire]",FALSE,FALSE,unova,FALSE
637,Volcarona,324,FALSE,FALSE,4,FALSE,,FALSE,"[bug, fire]",FALSE,FALSE,unova,FALSE
638,Cobalion,325,FALSE,FALSE,-1,FALSE,,FALSE,"[steel, fighting]",TRUE,FALSE,unova,FALSE
639,Terrakion,326,FALSE,FALSE,-1,FALSE,,FALSE,"[rock, fighting]",TRUE,FALSE,unova,FALSE
640,Virizion,327,FALSE,FALSE,-1,FALSE,,FALSE,"[grass, fighting]",TRUE,FALSE,unova,FALSE
641,Tornadus-incarnate,328,FALSE,FALSE,0,TRUE,[10019],FALSE,[flying],TRUE,FALSE,unova,FALSE
10019,Tornadus-therian,328,FALSE,FALSE,0,FALSE,,TRUE,[flying],FALSE,FALSE,unova,FALSE
642,Thundurus-incarnate,329,FALSE,FALSE,0,TRUE,[10020],FALSE,"[electric, flying]",TRUE,FALSE,unova,FALSE
10020,Thundurus-therian,329,FALSE,FALSE,0,FALSE,,TRUE,"[electric, flying]",FALSE,FALSE,unova,FALSE
643,Reshiram,330,FALSE,FALSE,-1,FALSE,,FALSE,"[dragon, fire]",TRUE,FALSE,unova,FALSE
644,Zekrom,331,FALSE,FALSE,-1,FALSE,,FALSE,"[dragon, electric]",TRUE,FALSE,unova,FALSE
645,Landorus-incarnate,332,FALSE,FALSE,0,TRUE,[10021],FALSE,"[ground, flying]",TRUE,FALSE,unova,FALSE
10021,Landorus-therian,332,FALSE,FALSE,0,FALSE,,TRUE,"[ground, flying]",FALSE,FALSE,unova,FALSE
646,Kyurem,333,FALSE,FALSE,-1,TRUE,"[10022, 10023]",FALSE,"[dragon, ice]",TRUE,FALSE,unova,FALSE
10022,Kyurem-black,333,FALSE,FALSE,-1,FALSE,,TRUE,"[dragon, ice]",FALSE,FALSE,unova,FALSE
10023,Kyurem-white,333,FALSE,FALSE,-1,FALSE,,TRUE,"[dragon, ice]",FALSE,FALSE,unova,FALSE
647,Keldeo-ordinary,334,FALSE,FALSE,-1,TRUE,[10024],FALSE,"[water, fighting]",FALSE,TRUE,unova,FALSE
10024,Keldeo-resolute,334,FALSE,FALSE,-1,FALSE,,TRUE,"[water, fighting]",FALSE,FALSE,unova,FALSE
648,Meloetta-aria,335,FALSE,FALSE,-1,TRUE,[10018],FALSE,"[normal, psychic]",FALSE,TRUE,unova,FALSE
10018,Meloetta-pirouette,335,FALSE,FALSE,-1,FALSE,,TRUE,"[normal, fighting]",FALSE,FALSE,unova,FALSE
649,Genesect,336,FALSE,FALSE,-1,TRUE,[],FALSE,"[bug, steel]",FALSE,TRUE,unova,FALSE
650,Chespin,337,FALSE,FALSE,1,FALSE,,FALSE,[grass],FALSE,FALSE,kalos,FALSE
651,Quilladin,337,FALSE,FALSE,1,FALSE,,FALSE,[grass],FALSE,FALSE,kalos,FALSE
652,Chesnaught,337,FALSE,FALSE,1,FALSE,,FALSE,"[grass, fighting]",FALSE,FALSE,kalos,FALSE
653,Fennekin,338,FALSE,FALSE,1,FALSE,,FALSE,[fire],FALSE,FALSE,kalos,FALSE
654,Braixen,338,FALSE,FALSE,1,FALSE,,FALSE,[fire],FALSE,FALSE,kalos,FALSE
655,Delphox,338,FALSE,FALSE,1,FALSE,,FALSE,"[fire, psychic]",FALSE,FALSE,kalos,FALSE
656,Froakie,339,FALSE,FALSE,1,FALSE,,FALSE,[water],FALSE,FALSE,kalos,FALSE
657,Frogadier,339,FALSE,FALSE,1,FALSE,,FALSE,[water],FALSE,FALSE,kalos,FALSE
658,Greninja,339,FALSE,FALSE,1,TRUE,"[10116, 10117]",FALSE,"[water, dark]",FALSE,FALSE,kalos,FALSE
10116,Greninja-battle-bond,339,FALSE,FALSE,1,FALSE,,TRUE,"[water, dark]",FALSE,FALSE,kalos,FALSE
10117,Greninja-ash,339,FALSE,FALSE,1,FALSE,,TRUE,"[water, dark]",FALSE,FALSE,kalos,FALSE
659,Bunnelby,340,FALSE,FALSE,4,FALSE,,FALSE,[normal],FALSE,FALSE,kalos,FALSE
660,Diggersby,340,FALSE,FALSE,4,FALSE,,FALSE,"[normal, ground]",FALSE,FALSE,kalos,FALSE
661,Fletchling,341,FALSE,FALSE,4,FALSE,,FALSE,"[normal, flying]",FALSE,FALSE,kalos,FALSE
662,Fletchinder,341,FALSE,FALSE,4,FALSE,,FALSE,"[fire, flying]",FALSE,FALSE,kalos,FALSE
663,Talonflame,341,FALSE,FALSE,4,FALSE,,FALSE,"[fire, flying]",FALSE,FALSE,kalos,FALSE
664,Scatterbug,342,FALSE,FALSE,4,FALSE,,FALSE,[bug],FALSE,FALSE,kalos,FALSE
665,Spewpa,342,FALSE,FALSE,4,FALSE,,FALSE,[bug],FALSE,FALSE,kalos,FALSE
666,Vivillon,342,FALSE,FALSE,4,FALSE,,FALSE,"[bug, flying]",FALSE,FALSE,kalos,FALSE
667,Litleo,343,FALSE,FALSE,7,FALSE,,FALSE,"[fire, normal]",FALSE,FALSE,kalos,FALSE
668,Pyroar,343,FALSE,TRUE,7,FALSE,,FALSE,"[fire, normal]",FALSE,FALSE,kalos,FALSE
669,Flabebe,344,FALSE,FALSE,8,FALSE,,FALSE,[fairy],FALSE,FALSE,kalos,FALSE
670,Floette,344,FALSE,FALSE,8,TRUE,[10061],FALSE,[fairy],FALSE,FALSE,kalos,FALSE
10061,Floette-eternal,344,FALSE,FALSE,8,FALSE,,TRUE,[fairy],FALSE,FALSE,kalos,FALSE
671,Florges,344,FALSE,FALSE,8,FALSE,,FALSE,[fairy],FALSE,FALSE,kalos,FALSE
672,Skiddo,345,FALSE,FALSE,4,FALSE,,FALSE,[grass],FALSE,FALSE,kalos,FALSE
673,Gogoat,345,FALSE,FALSE,4,FALSE,,FALSE,[grass],FALSE,FALSE,kalos,FALSE
674,Pancham,346,FALSE,FALSE,4,FALSE,,FALSE,[fighting],FALSE,FALSE,kalos,FALSE
675,Pangoro,346,FALSE,FALSE,4,FALSE,,FALSE,"[fighting, dark]",FALSE,FALSE,kalos,FALSE
676,Furfrou,347,FALSE,FALSE,4,TRUE,[],FALSE,[normal],FALSE,FALSE,kalos,FALSE
677,Espurr,348,FALSE,FALSE,4,FALSE,,FALSE,[psychic],FALSE,FALSE,kalos,FALSE
678,Meowstic-male,348,FALSE,TRUE,0,TRUE,[10025],FALSE,[psychic],FALSE,FALSE,kalos,FALSE
10025,Meowstic-female,348,FALSE,TRUE,0,FALSE,,TRUE,[psychic],FALSE,FALSE,kalos,FALSE
679,Honedge,349,FALSE,FALSE,4,FALSE,,FALSE,"[steel, ghost]",FALSE,FALSE,kalos,FALSE
680,Doublade,349,FALSE,FALSE,4,FALSE,,FALSE,"[steel, ghost]",FALSE,FALSE,kalos,FALSE
681,Aegislash-shield,349,FALSE,FALSE,4,TRUE,[10026],FALSE,"[steel, ghost]",FALSE,FALSE,kalos,FALSE
10026,Aegislash-blade,349,FALSE,FALSE,4,FALSE,,TRUE,"[steel, ghost]",FALSE,FALSE,kalos,FALSE
682,Spritzee,350,FALSE,FALSE,4,FALSE,,FALSE,[fairy],FALSE,FALSE,kalos,FALSE
683,Aromatisse,350,FALSE,FALSE,4,FALSE,,FALSE,[fairy],FALSE,FALSE,kalos,FALSE
684,Swirlix,351,FALSE,FALSE,4,FALSE,,FALSE,[fairy],FALSE,FALSE,kalos,FALSE
685,Slurpuff,351,FALSE,FALSE,4,FALSE,,FALSE,[fairy],FALSE,FALSE,kalos,FALSE
686,Inkay,352,FALSE,FALSE,4,FALSE,,FALSE,"[dark, psychic]",FALSE,FALSE,kalos,FALSE
687,Malamar,352,FALSE,FALSE,4,FALSE,,FALSE,"[dark, psychic]",FALSE,FALSE,kalos,FALSE
688,Binacle,353,FALSE,FALSE,4,FALSE,,FALSE,"[rock, water]",FALSE,FALSE,kalos,FALSE
689,Barbaracle,353,FALSE,FALSE,4,FALSE,,FALSE,"[rock, water]",FALSE,FALSE,kalos,FALSE
690,Skrelp,354,FALSE,FALSE,4,FALSE,,FALSE,"[poison, water]",FALSE,FALSE,kalos,FALSE
691,Dragalge,354,FALSE,FALSE,4,FALSE,,FALSE,"[poison, dragon]",FALSE,FALSE,kalos,FALSE
692,Clauncher,355,FALSE,FALSE,4,FALSE,,FALSE,[water],FALSE,FALSE,kalos,FALSE
693,Clawitzer,355,FALSE,FALSE,4,FALSE,,FALSE,[water],FALSE,FALSE,kalos,FALSE
694,Helioptile,356,FALSE,FALSE,4,FALSE,,FALSE,"[electric, normal]",FALSE,FALSE,kalos,FALSE
695,Heliolisk,356,FALSE,FALSE,4,FALSE,,FALSE,"[electric, normal]",FALSE,FALSE,kalos,FALSE
696,Tyrunt,357,FALSE,FALSE,1,FALSE,,FALSE,"[rock, dragon]",FALSE,FALSE,kalos,FALSE
697,Tyrantrum,357,FALSE,FALSE,1,FALSE,,FALSE,"[rock, dragon]",FALSE,FALSE,kalos,FALSE
698,Amaura,358,FALSE,FALSE,1,FALSE,,FALSE,"[rock, ice]",FALSE,FALSE,kalos,FALSE
699,Aurorus,358,FALSE,FALSE,1,FALSE,,FALSE,"[rock, ice]",FALSE,FALSE,kalos,FALSE
700,Sylveon,67,FALSE,FALSE,1,FALSE,,FALSE,[fairy],FALSE,FALSE,kalos,FALSE
701,Hawlucha,359,FALSE,FALSE,4,FALSE,,FALSE,"[fighting, flying]",FALSE,FALSE,kalos,FALSE
702,Dedenne,360,FALSE,FALSE,4,FALSE,,FALSE,"[electric, fairy]",FALSE,FALSE,kalos,FALSE
703,Carbink,361,FALSE,FALSE,-1,FALSE,,FALSE,"[rock, fairy]",FALSE,FALSE,kalos,FALSE
704,Goomy,362,FALSE,FALSE,4,FALSE,,FALSE,[dragon],FALSE,FALSE,kalos,FALSE
705,Sliggoo,362,FALSE,FALSE,4,TRUE,[10241],FALSE,[dragon],FALSE,FALSE,kalos,FALSE
10241,Sliggoo-hisui,362,FALSE,FALSE,4,FALSE,,TRUE,"[steel, dragon]",FALSE,FALSE,kalos,FALSE
706,Goodra,362,FALSE,FALSE,4,TRUE,[10242],FALSE,[dragon],FALSE,FALSE,kalos,FALSE
10242,Goodra-hisui,362,FALSE,FALSE,4,FALSE,,TRUE,"[steel, dragon]",FALSE,FALSE,kalos,FALSE
707,Klefki,363,FALSE,FALSE,4,FALSE,,FALSE,"[steel, fairy]",FALSE,FALSE,kalos,FALSE
708,Phantump,364,FALSE,FALSE,4,FALSE,,FALSE,"[ghost, grass]",FALSE,FALSE,kalos,FALSE
709,Trevenant,364,FALSE,FALSE,4,FALSE,,FALSE,"[ghost, grass]",FALSE,FALSE,kalos,FALSE
710,Pumpkaboo-average,365,FALSE,FALSE,4,TRUE,"[10027, 10028, 10029]",FALSE,"[ghost, grass]",FALSE,FALSE,kalos,FALSE
10027,Pumpkaboo-small,365,FALSE,FALSE,4,FALSE,,TRUE,"[ghost, grass]",FALSE,FALSE,kalos,FALSE
10028,Pumpkaboo-large,365,FALSE,FALSE,4,FALSE,,TRUE,"[ghost, grass]",FALSE,FALSE,kalos,FALSE
10029,Pumpkaboo-super,365,FALSE,FALSE,4,FALSE,,TRUE,"[ghost, grass]",FALSE,FALSE,kalos,FALSE
711,Gourgeist-average,365,FALSE,FALSE,4,TRUE,"[10030, 10031, 10032]",FALSE,"[ghost, grass]",FALSE,FALSE,kalos,FALSE
10030,Gourgeist-small,365,FALSE,FALSE,4,FALSE,,TRUE,"[ghost, grass]",FALSE,FALSE,kalos,FALSE
10031,Gourgeist-large,365,FALSE,FALSE,4,FALSE,,TRUE,"[ghost, grass]",FALSE,FALSE,kalos,FALSE
10032,Gourgeist-super,365,FALSE,FALSE,4,FALSE,,TRUE,"[ghost, grass]",FALSE,FALSE,kalos,FALSE
712,Bergmite,366,FALSE,FALSE,4,FALSE,,FALSE,[ice],FALSE,FALSE,kalos,FALSE
713,Avalugg,366,FALSE,FALSE,4,TRUE,[10243],FALSE,[ice],FALSE,FALSE,kalos,FALSE
10243,Avalugg-hisui,366,FALSE,FALSE,4,FALSE,,TRUE,"[ice, rock]",FALSE,FALSE,kalos,FALSE
714,Noibat,367,FALSE,FALSE,4,FALSE,,FALSE,"[flying, dragon]",FALSE,FALSE,kalos,FALSE
715,Noivern,367,FALSE,FALSE,4,FALSE,,FALSE,"[flying, dragon]",FALSE,FALSE,kalos,FALSE
716,Xerneas,368,FALSE,FALSE,-1,TRUE,[],FALSE,[fairy],TRUE,FALSE,kalos,FALSE
717,Yveltal,369,FALSE,FALSE,-1,FALSE,,FALSE,"[dark, flying]",TRUE,FALSE,kalos,FALSE
718,Zygarde-50,370,FALSE,FALSE,-1,TRUE,"[10118, 10119, 10120, 10181]",FALSE,"[dragon, ground]",TRUE,FALSE,kalos,FALSE
10118,Zygarde-10-power-construct,370,FALSE,FALSE,-1,FALSE,,TRUE,"[dragon, ground]",FALSE,FALSE,kalos,FALSE
10119,Zygarde-50-power-construct,370,FALSE,FALSE,-1,FALSE,,TRUE,"[dragon, ground]",FALSE,FALSE,kalos,FALSE
10120,Zygarde-complete,370,FALSE,FALSE,-1,FALSE,,TRUE,"[dragon, ground]",FALSE,FALSE,kalos,FALSE
10181,Zygarde-10,370,FALSE,FALSE,-1,FALSE,,TRUE,"[dragon, ground]",FALSE,FALSE,kalos,FALSE
719,Diancie,371,FALSE,FALSE,-1,TRUE,[10075],FALSE,"[rock, fairy]",FALSE,TRUE,kalos,FALSE
10075,Diancie-mega,371,FALSE,FALSE,-1,FALSE,,TRUE,"[rock, fairy]",FALSE,FALSE,kalos,FALSE
720,Hoopa,372,FALSE,FALSE,-1,TRUE,[10086],FALSE,"[psychic, ghost]",FALSE,TRUE,kalos,FALSE
10086,Hoopa-unbound,372,FALSE,FALSE,-1,FALSE,,TRUE,"[psychic, dark]",FALSE,FALSE,kalos,FALSE
721,Volcanion,373,FALSE,FALSE,-1,FALSE,,FALSE,"[fire, water]",FALSE,TRUE,kalos,FALSE
722,Rowlet,374,FALSE,FALSE,1,FALSE,,FALSE,"[grass, flying]",FALSE,FALSE,alola,FALSE
723,Dartrix,374,FALSE,FALSE,1,FALSE,,FALSE,"[grass, flying]",FALSE,FALSE,alola,FALSE
724,Decidueye,374,FALSE,FALSE,1,TRUE,[10244],FALSE,"[grass, ghost]",FALSE,FALSE,alola,FALSE
10244,Decidueye-hisui,374,FALSE,FALSE,1,FALSE,,TRUE,"[grass, fighting]",FALSE,FALSE,alola,FALSE
725,Litten,375,FALSE,FALSE,1,FALSE,,FALSE,[fire],FALSE,FALSE,alola,FALSE
726,Torracat,375,FALSE,FALSE,1,FALSE,,FALSE,[fire],FALSE,FALSE,alola,FALSE
727,Incineroar,375,FALSE,FALSE,1,FALSE,,FALSE,"[fire, dark]",FALSE,FALSE,alola,FALSE
728,Popplio,376,FALSE,FALSE,1,FALSE,,FALSE,[water],FALSE,FALSE,alola,FALSE
729,Brionne,376,FALSE,FALSE,1,FALSE,,FALSE,[water],FALSE,FALSE,alola,FALSE
730,Primarina,376,FALSE,FALSE,1,FALSE,,FALSE,"[water, fairy]",FALSE,FALSE,alola,FALSE
731,Pikipek,377,FALSE,FALSE,4,FALSE,,FALSE,"[normal, flying]",FALSE,FALSE,alola,FALSE
732,Trumbeak,377,FALSE,FALSE,4,FALSE,,FALSE,"[normal, flying]",FALSE,FALSE,alola,FALSE
733,Toucannon,377,FALSE,FALSE,4,FALSE,,FALSE,"[normal, flying]",FALSE,FALSE,alola,FALSE
734,Yungoos,378,FALSE,FALSE,4,FALSE,,FALSE,[normal],FALSE,FALSE,alola,FALSE
735,Gumshoos,378,FALSE,FALSE,4,TRUE,[10121],FALSE,[normal],FALSE,FALSE,alola,FALSE
10121,Gumshoos-totem,378,FALSE,FALSE,4,FALSE,,TRUE,[normal],FALSE,FALSE,alola,FALSE
736,Grubbin,379,FALSE,FALSE,4,FALSE,,FALSE,[bug],FALSE,FALSE,alola,FALSE
737,Charjabug,379,FALSE,FALSE,4,FALSE,,FALSE,"[bug, electric]",FALSE,FALSE,alola,FALSE
738,Vikavolt,379,FALSE,FALSE,4,TRUE,[10122],FALSE,"[bug, electric]",FALSE,FALSE,alola,FALSE
10122,Vikavolt-totem,379,FALSE,FALSE,4,FALSE,,TRUE,"[bug, electric]",FALSE,FALSE,alola,FALSE
739,Crabrawler,380,FALSE,FALSE,4,FALSE,,FALSE,[fighting],FALSE,FALSE,alola,FALSE
740,Crabominable,380,FALSE,FALSE,4,FALSE,,FALSE,"[fighting, ice]",FALSE,FALSE,alola,FALSE
741,Oricorio-baile,381,FALSE,FALSE,6,TRUE,"[10123, 10124, 10125]",FALSE,"[fire, flying]",FALSE,FALSE,alola,FALSE
10123,Oricorio-pom-pom,381,FALSE,FALSE,6,FALSE,,TRUE,"[electric, flying]",FALSE,FALSE,alola,FALSE
10124,Oricorio-pau,381,FALSE,FALSE,6,FALSE,,TRUE,"[psychic, flying]",FALSE,FALSE,alola,FALSE
10125,Oricorio-sensu,381,FALSE,FALSE,6,FALSE,,TRUE,"[ghost, flying]",FALSE,FALSE,alola,FALSE
742,Cutiefly,382,FALSE,FALSE,4,FALSE,,FALSE,"[bug, fairy]",FALSE,FALSE,alola,FALSE
743,Ribombee,382,FALSE,FALSE,4,TRUE,[10150],FALSE,"[bug, fairy]",FALSE,FALSE,alola,FALSE
10150,Ribombee-totem,382,FALSE,FALSE,4,FALSE,,TRUE,"[bug, fairy]",FALSE,FALSE,alola,FALSE
744,Rockruff,383,FALSE,FALSE,4,TRUE,[10151],FALSE,[rock],FALSE,FALSE,alola,FALSE
10151,Rockruff-own-tempo,383,FALSE,FALSE,4,FALSE,,TRUE,[rock],FALSE,FALSE,alola,FALSE
745,Lycanroc-midday,383,FALSE,FALSE,4,TRUE,"[10126, 10152]",FALSE,[rock],FALSE,FALSE,alola,FALSE
10126,Lycanroc-midnight,383,FALSE,FALSE,4,FALSE,,TRUE,[rock],FALSE,FALSE,alola,FALSE
10152,Lycanroc-dusk,383,FALSE,FALSE,4,FALSE,,TRUE,[rock],FALSE,FALSE,alola,FALSE
746,Wishiwashi-solo,384,FALSE,FALSE,4,TRUE,[10127],FALSE,[water],FALSE,FALSE,alola,FALSE
10127,Wishiwashi-school,384,FALSE,FALSE,4,FALSE,,TRUE,[water],FALSE,FALSE,alola,FALSE
747,Mareanie,385,FALSE,FALSE,4,FALSE,,FALSE,"[poison, water]",FALSE,FALSE,alola,FALSE
748,Toxapex,385,FALSE,FALSE,4,FALSE,,FALSE,"[poison, water]",FALSE,FALSE,alola,FALSE
749,Mudbray,386,FALSE,FALSE,4,FALSE,,FALSE,[ground],FALSE,FALSE,alola,FALSE
750,Mudsdale,386,FALSE,FALSE,4,FALSE,,FALSE,[ground],FALSE,FALSE,alola,FALSE
751,Dewpider,387,FALSE,FALSE,4,FALSE,,FALSE,"[water, bug]",FALSE,FALSE,alola,FALSE
752,Araquanid,387,FALSE,FALSE,4,TRUE,[10153],FALSE,"[water, bug]",FALSE,FALSE,alola,FALSE
10153,Araquanid-totem,387,FALSE,FALSE,4,FALSE,,TRUE,"[water, bug]",FALSE,FALSE,alola,FALSE
753,Fomantis,388,FALSE,FALSE,4,FALSE,,FALSE,[grass],FALSE,FALSE,alola,FALSE
754,Lurantis,388,FALSE,FALSE,4,TRUE,[10128],FALSE,[grass],FALSE,FALSE,alola,FALSE
10128,Lurantis-totem,388,FALSE,FALSE,4,FALSE,,TRUE,[grass],FALSE,FALSE,alola,FALSE
755,Morelull,389,FALSE,FALSE,4,FALSE,,FALSE,"[grass, fairy]",FALSE,FALSE,alola,FALSE
756,Shiinotic,389,FALSE,FALSE,4,FALSE,,FALSE,"[grass, fairy]",FALSE,FALSE,alola,FALSE
757,Salandit,390,FALSE,FALSE,1,FALSE,,FALSE,"[poison, fire]",FALSE,FALSE,alola,FALSE
758,Salazzle,390,FALSE,FALSE,8,TRUE,[10129],FALSE,"[poison, fire]",FALSE,FALSE,alola,FALSE
10129,Salazzle-totem,390,FALSE,FALSE,8,FALSE,,TRUE,"[poison, fire]",FALSE,FALSE,alola,FALSE
759,Stufful,391,FALSE,FALSE,4,FALSE,,FALSE,"[normal, fighting]",FALSE,FALSE,alola,FALSE
760,Bewear,391,FALSE,FALSE,4,FALSE,,FALSE,"[normal, fighting]",FALSE,FALSE,alola,FALSE
761,Bounsweet,392,FALSE,FALSE,8,FALSE,,FALSE,[grass],FALSE,FALSE,alola,FALSE
762,Steenee,392,FALSE,FALSE,8,FALSE,,FALSE,[grass],FALSE,FALSE,alola,FALSE
763,Tsareena,392,FALSE,FALSE,8,FALSE,,FALSE,[grass],FALSE,FALSE,alola,FALSE
764,Comfey,393,FALSE,FALSE,6,FALSE,,FALSE,[fairy],FALSE,FALSE,alola,FALSE
765,Oranguru,394,FALSE,FALSE,4,FALSE,,FALSE,"[normal, psychic]",FALSE,FALSE,alola,FALSE
766,Passimian,395,FALSE,FALSE,4,FALSE,,FALSE,[fighting],FALSE,FALSE,alola,FALSE
767,Wimpod,396,FALSE,FALSE,4,FALSE,,FALSE,"[bug, water]",FALSE,FALSE,alola,FALSE
768,Golisopod,396,FALSE,FALSE,4,FALSE,,FALSE,"[bug, water]",FALSE,FALSE,alola,FALSE
769,Sandygast,397,FALSE,FALSE,4,FALSE,,FALSE,"[ghost, ground]",FALSE,FALSE,alola,FALSE
770,Palossand,397,FALSE,FALSE,4,FALSE,,FALSE,"[ghost, ground]",FALSE,FALSE,alola,FALSE
771,Pyukumuku,398,FALSE,FALSE,4,FALSE,,FALSE,[water],FALSE,FALSE,alola,FALSE
772,Type-null,399,FALSE,FALSE,-1,FALSE,,FALSE,[normal],FALSE,FALSE,alola,FALSE
773,Silvally,399,FALSE,FALSE,-1,FALSE,,FALSE,[normal],TRUE,FALSE,alola,FALSE
774,Minior-red-meteor,400,FALSE,FALSE,-1,TRUE,"[10130, 10131, 10132, 10133, 10134, 10135, 10136, 10137, 10138, 10139, 10140, 10141, 10142]",FALSE,"[rock, flying]",FALSE,FALSE,alola,FALSE
10130,Minior-orange-meteor,400,FALSE,FALSE,-1,FALSE,,TRUE,"[rock, flying]",FALSE,FALSE,alola,FALSE
10131,Minior-yellow-meteor,400,FALSE,FALSE,-1,FALSE,,TRUE,"[rock, flying]",FALSE,FALSE,alola,FALSE
10132,Minior-green-meteor,400,FALSE,FALSE,-1,FALSE,,TRUE,"[rock, flying]",FALSE,FALSE,alola,FALSE
10133,Minior-blue-meteor,400,FALSE,FALSE,-1,FALSE,,TRUE,"[rock, flying]",FALSE,FALSE,alola,FALSE
10134,Minior-indigo-meteor,400,FALSE,FALSE,-1,FALSE,,TRUE,"[rock, flying]",FALSE,FALSE,alola,FALSE
10135,Minior-violet-meteor,400,FALSE,FALSE,-1,FALSE,,TRUE,"[rock, flying]",FALSE,FALSE,alola,FALSE
10136,Minior-red,400,FALSE,FALSE,-1,FALSE,,TRUE,"[rock, flying]",FALSE,FALSE,alola,FALSE
10137,Minior-orange,400,FALSE,FALSE,-1,FALSE,,TRUE,"[rock, flying]",FALSE,FALSE,alola,FALSE
10138,Minior-yellow,400,FALSE,FALSE,-1,FALSE,,TRUE,"[rock, flying]",FALSE,FALSE,alola,FALSE
10139,Minior-green,400,FALSE,FALSE,-1,FALSE,,TRUE,"[rock, flying]",FALSE,FALSE,alola,FALSE
10140,Minior-blue,400,FALSE,FALSE,-1,FALSE,,TRUE,"[rock, flying]",FALSE,FALSE,alola,FALSE
10141,Minior-indigo,400,FALSE,FALSE,-1,FALSE,,TRUE,"[rock, flying]",FALSE,FALSE,alola,FALSE
10142,Minior-violet,400,FALSE,FALSE,-1,FALSE,,TRUE,"[rock, flying]",FALSE,FALSE,alola,FALSE
775,Komala,401,FALSE,FALSE,4,FALSE,,FALSE,[normal],FALSE,FALSE,alola,FALSE
776,Turtonator,402,FALSE,FALSE,4,FALSE,,FALSE,"[fire, dragon]",FALSE,FALSE,alola,FALSE
777,Togedemaru,403,FALSE,FALSE,4,TRUE,[10154],FALSE,"[electric, steel]",FALSE,FALSE,alola,FALSE
10154,Togedemaru-totem,403,FALSE,FALSE,4,FALSE,,TRUE,"[electric, steel]",FALSE,FALSE,alola,FALSE
778,Mimikyu-disguised,404,FALSE,FALSE,4,TRUE,"[10143, 10144, 10145]",FALSE,"[ghost, fairy]",FALSE,FALSE,alola,FALSE
10143,Mimikyu-busted,404,FALSE,FALSE,4,FALSE,,TRUE,"[ghost, fairy]",FALSE,FALSE,alola,FALSE
10144,Mimikyu-totem-disguised,404,FALSE,FALSE,4,FALSE,,TRUE,"[ghost, fairy]",FALSE,FALSE,alola,FALSE
10145,Mimikyu-totem-busted,404,FALSE,FALSE,4,FALSE,,TRUE,"[ghost, fairy]",FALSE,FALSE,alola,FALSE
779,Bruxish,405,FALSE,FALSE,4,FALSE,,FALSE,"[water, psychic]",FALSE,FALSE,alola,FALSE
780,Drampa,406,FALSE,FALSE,4,FALSE,,FALSE,"[normal, dragon]",FALSE,FALSE,alola,FALSE
781,Dhelmise,407,FALSE,FALSE,-1,FALSE,,FALSE,"[ghost, grass]",FALSE,FALSE,alola,FALSE
782,Jangmo-o,408,FALSE,FALSE,4,FALSE,,FALSE,[dragon],FALSE,FALSE,alola,FALSE
783,Hakamo-o,408,FALSE,FALSE,4,FALSE,,FALSE,"[dragon, fighting]",FALSE,FALSE,alola,FALSE
784,Kommo-o,408,FALSE,FALSE,4,TRUE,[10146],FALSE,"[dragon, fighting]",FALSE,FALSE,alola,FALSE
10146,Kommo-o-totem,408,FALSE,FALSE,4,FALSE,,TRUE,"[dragon, fighting]",FALSE,FALSE,alola,FALSE
785,Tapu-koko,409,FALSE,FALSE,-1,FALSE,,FALSE,"[electric, fairy]",TRUE,FALSE,alola,FALSE
786,Tapu-lele,410,FALSE,FALSE,-1,FALSE,,FALSE,"[psychic, fairy]",TRUE,FALSE,alola,FALSE
787,Tapu-bulu,411,FALSE,FALSE,-1,FALSE,,FALSE,"[grass, fairy]",TRUE,FALSE,alola,FALSE
788,Tapu-fini,412,FALSE,FALSE,-1,FALSE,,FALSE,"[water, fairy]",TRUE,FALSE,alola,FALSE
789,Cosmog,413,FALSE,FALSE,-1,FALSE,,FALSE,[psychic],TRUE,FALSE,alola,FALSE
790,Cosmoem,413,FALSE,FALSE,-1,FALSE,,FALSE,[psychic],TRUE,FALSE,alola,FALSE
791,Solgaleo,413,FALSE,FALSE,-1,FALSE,,FALSE,"[psychic, steel]",TRUE,FALSE,alola,FALSE
792,Lunala,413,FALSE,FALSE,-1,FALSE,,FALSE,"[psychic, ghost]",TRUE,FALSE,alola,FALSE
793,Nihilego,414,FALSE,FALSE,-1,FALSE,,FALSE,"[rock, poison]",FALSE,FALSE,alola,FALSE
794,Buzzwole,415,FALSE,FALSE,-1,FALSE,,FALSE,"[bug, fighting]",FALSE,FALSE,alola,FALSE
795,Pheromosa,416,FALSE,FALSE,-1,FALSE,,FALSE,"[bug, fighting]",FALSE,FALSE,alola,FALSE
796,Xurkitree,417,FALSE,FALSE,-1,FALSE,,FALSE,[electric],FALSE,FALSE,alola,FALSE
797,Celesteela,418,FALSE,FALSE,-1,FALSE,,FALSE,"[steel, flying]",FALSE,FALSE,alola,FALSE
798,Kartana,419,FALSE,FALSE,-1,FALSE,,FALSE,"[grass, steel]",FALSE,FALSE,alola,FALSE
799,Guzzlord,420,FALSE,FALSE,-1,FALSE,,FALSE,"[dark, dragon]",FALSE,FALSE,alola,FALSE
800,Necrozma,421,FALSE,FALSE,-1,TRUE,"[10155, 10156, 10157]",FALSE,[psychic],TRUE,FALSE,alola,FALSE
10155,Necrozma-dusk,421,FALSE,FALSE,-1,FALSE,,TRUE,"[psychic, steel]",FALSE,FALSE,alola,FALSE
10156,Necrozma-dawn,421,FALSE,FALSE,-1,FALSE,,TRUE,"[psychic, ghost]",FALSE,FALSE,alola,FALSE
10157,Necrozma-ultra,421,FALSE,FALSE,-1,FALSE,,TRUE,"[psychic, dragon]",FALSE,FALSE,alola,FALSE
801,Magearna,422,FALSE,FALSE,-1,TRUE,[10147],FALSE,"[steel, fairy]",FALSE,TRUE,alola,FALSE
10147,Magearna-original,422,FALSE,FALSE,-1,FALSE,,TRUE,"[steel, fairy]",FALSE,FALSE,alola,FALSE
802,Marshadow,423,FALSE,FALSE,-1,FALSE,,FALSE,"[fighting, ghost]",FALSE,TRUE,alola,FALSE
803,Poipole,424,FALSE,FALSE,-1,FALSE,,FALSE,[poison],FALSE,FALSE,alola,FALSE
804,Naganadel,424,FALSE,FALSE,-1,FALSE,,FALSE,"[poison, dragon]",FALSE,FALSE,alola,FALSE
805,Stakataka,425,FALSE,FALSE,-1,FALSE,,FALSE,"[rock, steel]",FALSE,FALSE,alola,FALSE
806,Blacephalon,426,FALSE,FALSE,-1,FALSE,,FALSE,"[fire, ghost]",FALSE,FALSE,alola,FALSE
807,Zeraora,427,FALSE,FALSE,-1,FALSE,,FALSE,[electric],FALSE,TRUE,alola,FALSE
808,Meltan,428,FALSE,FALSE,-1,FALSE,,FALSE,[steel],FALSE,TRUE,alola,FALSE
809,Melmetal,429,FALSE,FALSE,-1,TRUE,[10208],FALSE,[steel],FALSE,TRUE,alola,FALSE
10208,Melmetal-gmax,429,FALSE,FALSE,-1,FALSE,,TRUE,[steel],FALSE,FALSE,alola,FALSE
810,Grookey,430,FALSE,FALSE,1,FALSE,,FALSE,[grass],FALSE,FALSE,galar,FALSE
811,Thwackey,430,FALSE,FALSE,1,FALSE,,FALSE,[grass],FALSE,FALSE,galar,FALSE
812,Rillaboom,430,FALSE,FALSE,1,TRUE,[10209],FALSE,[grass],FALSE,FALSE,galar,FALSE
10209,Rillaboom-gmax,430,FALSE,FALSE,1,FALSE,,TRUE,[grass],FALSE,FALSE,galar,FALSE
813,Scorbunny,431,FALSE,FALSE,1,FALSE,,FALSE,[fire],FALSE,FALSE,galar,FALSE
814,Raboot,431,FALSE,FALSE,1,FALSE,,FALSE,[fire],FALSE,FALSE,galar,FALSE
815,Cinderace,431,FALSE,FALSE,1,TRUE,[10210],FALSE,[fire],FALSE,FALSE,galar,FALSE
10210,Cinderace-gmax,431,FALSE,FALSE,1,FALSE,,TRUE,[fire],FALSE,FALSE,galar,FALSE
816,Sobble,432,FALSE,FALSE,1,FALSE,,FALSE,[water],FALSE,FALSE,galar,FALSE
817,Drizzile,432,FALSE,FALSE,1,FALSE,,FALSE,[water],FALSE,FALSE,galar,FALSE
818,Inteleon,432,FALSE,FALSE,1,TRUE,[10211],FALSE,[water],FALSE,FALSE,galar,FALSE
10211,Inteleon-gmax,432,FALSE,FALSE,1,FALSE,,TRUE,[water],FALSE,FALSE,galar,FALSE
819,Skwovet,433,FALSE,FALSE,4,FALSE,,FALSE,[normal],FALSE,FALSE,galar,FALSE
820,Greedent,433,FALSE,FALSE,4,FALSE,,FALSE,[normal],FALSE,FALSE,galar,FALSE
821,Rookidee,434,FALSE,FALSE,4,FALSE,,FALSE,[flying],FALSE,FALSE,galar,FALSE
822,Corvisquire,434,FALSE,FALSE,4,FALSE,,FALSE,[flying],FALSE,FALSE,galar,FALSE
823,Corviknight,434,FALSE,FALSE,4,TRUE,[10212],FALSE,"[flying, steel]",FALSE,FALSE,galar,FALSE
10212,Corviknight-gmax,434,FALSE,FALSE,4,FALSE,,TRUE,"[flying, steel]",FALSE,FALSE,galar,FALSE
824,Blipbug,435,FALSE,FALSE,4,FALSE,,FALSE,[bug],FALSE,FALSE,galar,FALSE
825,Dottler,435,FALSE,FALSE,4,FALSE,,FALSE,"[bug, psychic]",FALSE,FALSE,galar,FALSE
826,Orbeetle,435,FALSE,FALSE,4,TRUE,[10213],FALSE,"[bug, psychic]",FALSE,FALSE,galar,FALSE
10213,Orbeetle-gmax,435,FALSE,FALSE,4,FALSE,,TRUE,"[bug, psychic]",FALSE,FALSE,galar,FALSE
827,Nickit,436,FALSE,FALSE,4,FALSE,,FALSE,[dark],FALSE,FALSE,galar,FALSE
828,Thievul,436,FALSE,FALSE,4,FALSE,,FALSE,[dark],FALSE,FALSE,galar,FALSE
829,Gossifleur,437,FALSE,FALSE,4,FALSE,,FALSE,[grass],FALSE,FALSE,galar,FALSE
830,Eldegoss,437,FALSE,FALSE,4,FALSE,,FALSE,[grass],FALSE,FALSE,galar,FALSE
831,Wooloo,438,FALSE,FALSE,4,FALSE,,FALSE,[normal],FALSE,FALSE,galar,FALSE
832,Dubwool,438,FALSE,FALSE,4,FALSE,,FALSE,[normal],FALSE,FALSE,galar,FALSE
833,Chewtle,439,FALSE,FALSE,4,FALSE,,FALSE,[water],FALSE,FALSE,galar,FALSE
834,Drednaw,439,FALSE,FALSE,4,TRUE,[10214],FALSE,"[water, rock]",FALSE,FALSE,galar,FALSE
10214,Drednaw-gmax,439,FALSE,FALSE,4,FALSE,,TRUE,"[water, rock]",FALSE,FALSE,galar,FALSE
835,Yamper,440,FALSE,FALSE,4,FALSE,,FALSE,[electric],FALSE,FALSE,galar,FALSE
836,Boltund,440,FALSE,FALSE,4,FALSE,,FALSE,[electric],FALSE,FALSE,galar,FALSE
837,Rolycoly,441,FALSE,FALSE,4,FALSE,,FALSE,[rock],FALSE,FALSE,galar,FALSE
838,Carkol,441,FALSE,FALSE,4,FALSE,,FALSE,"[rock, fire]",FALSE,FALSE,galar,FALSE
839,Coalossal,441,FALSE,FALSE,4,TRUE,[10215],FALSE,"[rock, fire]",FALSE,FALSE,galar,FALSE
10215,Coalossal-gmax,441,FALSE,FALSE,4,FALSE,,TRUE,"[rock, fire]",FALSE,FALSE,galar,FALSE
840,Applin,442,FALSE,FALSE,4,FALSE,,FALSE,"[grass, dragon]",FALSE,FALSE,galar,FALSE
841,Flapple,442,FALSE,FALSE,4,TRUE,[10216],FALSE,"[grass, dragon]",FALSE,FALSE,galar,FALSE
10216,Flapple-gmax,442,FALSE,FALSE,4,FALSE,,TRUE,"[grass, dragon]",FALSE,FALSE,galar,FALSE
842,Appletun,442,FALSE,FALSE,4,TRUE,[10217],FALSE,"[grass, dragon]",FALSE,FALSE,galar,FALSE
10217,Appletun-gmax,442,FALSE,FALSE,4,FALSE,,TRUE,"[grass, dragon]",FALSE,FALSE,galar,FALSE
843,Silicobra,443,FALSE,FALSE,4,FALSE,,FALSE,[ground],FALSE,FALSE,galar,FALSE
844,Sandaconda,443,FALSE,FALSE,4,TRUE,[10218],FALSE,[ground],FALSE,FALSE,galar,FALSE
10218,Sandaconda-gmax,443,FALSE,FALSE,4,FALSE,,TRUE,[ground],FALSE,FALSE,galar,FALSE
845,Cramorant,444,FALSE,FALSE,4,TRUE,"[10182, 10183]",FALSE,"[flying, water]",FALSE,FALSE,galar,FALSE
10182,Cramorant-gulping,444,FALSE,FALSE,4,FALSE,,TRUE,"[flying, water]",FALSE,FALSE,galar,FALSE
10183,Cramorant-gorging,444,FALSE,FALSE,4,FALSE,,TRUE,"[flying, water]",FALSE,FALSE,galar,FALSE
846,Arrokuda,445,FALSE,FALSE,4,FALSE,,FALSE,[water],FALSE,FALSE,galar,FALSE
847,Barraskewda,445,FALSE,FALSE,4,FALSE,,FALSE,[water],FALSE,FALSE,galar,FALSE
848,Toxel,446,TRUE,FALSE,4,FALSE,,FALSE,"[electric, poison]",FALSE,FALSE,galar,FALSE
849,Toxtricity-amped,446,FALSE,FALSE,4,TRUE,"[10184, 10219, 10228]",FALSE,"[electric, poison]",FALSE,FALSE,galar,FALSE
10184,Toxtricity-low-key,446,FALSE,FALSE,4,FALSE,,TRUE,"[electric, poison]",FALSE,FALSE,galar,FALSE
10219,Toxtricity-amped-gmax,446,FALSE,FALSE,4,FALSE,,TRUE,"[electric, poison]",FALSE,FALSE,galar,FALSE
10228,Toxtricity-low-key-gmax,446,FALSE,FALSE,4,FALSE,,TRUE,"[electric, poison]",FALSE,FALSE,galar,FALSE
850,Sizzlipede,447,FALSE,FALSE,4,FALSE,,FALSE,"[fire, bug]",FALSE,FALSE,galar,FALSE
851,Centiskorch,447,FALSE,FALSE,4,TRUE,[10220],FALSE,"[fire, bug]",FALSE,FALSE,galar,FALSE
10220,Centiskorch-gmax,447,FALSE,FALSE,4,FALSE,,TRUE,"[fire, bug]",FALSE,FALSE,galar,FALSE
852,Clobbopus,448,FALSE,FALSE,4,FALSE,,FALSE,[fighting],FALSE,FALSE,galar,FALSE
853,Grapploct,448,FALSE,FALSE,4,FALSE,,FALSE,[fighting],FALSE,FALSE,galar,FALSE
854,Sinistea,449,FALSE,FALSE,-1,FALSE,,FALSE,[ghost],FALSE,FALSE,galar,FALSE
855,Polteageist,449,FALSE,FALSE,-1,FALSE,,FALSE,[ghost],FALSE,FALSE,galar,FALSE
856,Hatenna,450,FALSE,FALSE,8,FALSE,,FALSE,[psychic],FALSE,FALSE,galar,FALSE
857,Hattrem,450,FALSE,FALSE,8,FALSE,,FALSE,[psychic],FALSE,FALSE,galar,FALSE
858,Hatterene,450,FALSE,FALSE,8,TRUE,[10221],FALSE,"[psychic, fairy]",FALSE,FALSE,galar,FALSE
10221,Hatterene-gmax,450,FALSE,FALSE,8,FALSE,,TRUE,"[psychic, fairy]",FALSE,FALSE,galar,FALSE
859,Impidimp,451,FALSE,FALSE,0,FALSE,,FALSE,"[dark, fairy]",FALSE,FALSE,galar,FALSE
860,Morgrem,451,FALSE,FALSE,0,FALSE,,FALSE,"[dark, fairy]",FALSE,FALSE,galar,FALSE
861,Grimmsnarl,451,FALSE,FALSE,0,TRUE,[10222],FALSE,"[dark, fairy]",FALSE,FALSE,galar,FALSE
10222,Grimmsnarl-gmax,451,FALSE,FALSE,0,FALSE,,TRUE,"[dark, fairy]",FALSE,FALSE,galar,FALSE
862,Obstagoon,134,FALSE,FALSE,4,FALSE,,FALSE,"[dark, normal]",FALSE,FALSE,galar,FALSE
863,Perrserker,22,FALSE,FALSE,4,FALSE,,FALSE,[steel],FALSE,FALSE,galar,FALSE
864,Cursola,113,FALSE,FALSE,6,FALSE,,FALSE,[ghost],FALSE,FALSE,galar,FALSE
865,Sirfetchd,35,FALSE,FALSE,4,FALSE,,FALSE,[fighting],FALSE,FALSE,galar,FALSE
866,Mr-rime,57,FALSE,FALSE,4,FALSE,,FALSE,"[ice, psychic]",FALSE,FALSE,galar,FALSE
867,Runerigus,287,FALSE,FALSE,4,FALSE,,FALSE,"[ground, ghost]",FALSE,FALSE,galar,FALSE
868,Milcery,452,FALSE,FALSE,8,FALSE,,FALSE,[fairy],FALSE,FALSE,galar,FALSE
869,Alcremie,452,FALSE,FALSE,8,TRUE,[10223],FALSE,[fairy],FALSE,FALSE,galar,FALSE
10223,Alcremie-gmax,452,FALSE,FALSE,8,FALSE,,TRUE,[fairy],FALSE,FALSE,galar,FALSE
870,Falinks,453,FALSE,FALSE,-1,FALSE,,FALSE,[fighting],FALSE,FALSE,galar,FALSE
871,Pincurchin,454,FALSE,FALSE,4,FALSE,,FALSE,[electric],FALSE,FALSE,galar,FALSE
872,Snom,455,FALSE,FALSE,4,FALSE,,FALSE,"[ice, bug]",FALSE,FALSE,galar,FALSE
873,Frosmoth,455,FALSE,FALSE,4,FALSE,,FALSE,"[ice, bug]",FALSE,FALSE,galar,FALSE
874,Stonjourner,456,FALSE,FALSE,4,FALSE,,FALSE,[rock],FALSE,FALSE,galar,FALSE
875,Eiscue-ice,457,FALSE,FALSE,4,TRUE,[10185],FALSE,[ice],FALSE,FALSE,galar,FALSE
10185,Eiscue-noice,457,FALSE,FALSE,4,FALSE,,TRUE,[ice],FALSE,FALSE,galar,FALSE
876,Indeedee-male,458,FALSE,FALSE,0,TRUE,[10186],FALSE,"[psychic, normal]",FALSE,FALSE,galar,FALSE
10186,Indeedee-female,458,FALSE,FALSE,0,FALSE,,TRUE,"[psychic, normal]",FALSE,FALSE,galar,FALSE
877,Morpeko-full-belly,459,FALSE,FALSE,4,TRUE,[10187],FALSE,"[electric, dark]",FALSE,FALSE,galar,FALSE
10187,Morpeko-hangry,459,FALSE,FALSE,4,FALSE,,TRUE,"[electric, dark]",FALSE,FALSE,galar,FALSE
878,Cufant,460,FALSE,FALSE,4,FALSE,,FALSE,[steel],FALSE,FALSE,galar,FALSE
879,Copperajah,460,FALSE,FALSE,4,TRUE,[10224],FALSE,[steel],FALSE,FALSE,galar,FALSE
10224,Copperajah-gmax,460,FALSE,FALSE,4,FALSE,,TRUE,[steel],FALSE,FALSE,galar,FALSE
880,Dracozolt,461,FALSE,FALSE,-1,FALSE,,FALSE,"[electric, dragon]",FALSE,FALSE,galar,FALSE
881,Arctozolt,462,FALSE,FALSE,-1,FALSE,,FALSE,"[electric, ice]",FALSE,FALSE,galar,FALSE
882,Dracovish,463,FALSE,FALSE,-1,FALSE,,FALSE,"[water, dragon]",FALSE,FALSE,galar,FALSE
883,Arctovish,464,FALSE,FALSE,-1,FALSE,,FALSE,"[water, ice]",FALSE,FALSE,galar,FALSE
884,Duraludon,465,FALSE,FALSE,4,TRUE,[10225],FALSE,"[steel, dragon]",FALSE,FALSE,galar,FALSE
10225,Duraludon-gmax,465,FALSE,FALSE,4,FALSE,,TRUE,"[steel, dragon]",FALSE,FALSE,galar,FALSE
885,Dreepy,466,FALSE,FALSE,4,FALSE,,FALSE,"[dragon, ghost]",FALSE,FALSE,galar,FALSE
886,Drakloak,466,FALSE,FALSE,4,FALSE,,FALSE,"[dragon, ghost]",FALSE,FALSE,galar,FALSE
887,Dragapult,466,FALSE,FALSE,4,FALSE,,FALSE,"[dragon, ghost]",FALSE,FALSE,galar,FALSE
888,Zacian,467,FALSE,FALSE,-1,TRUE,[10188],FALSE,[fairy],TRUE,FALSE,galar,FALSE
10188,Zacian-crowned,467,FALSE,FALSE,-1,FALSE,,TRUE,"[fairy, steel]",FALSE,FALSE,galar,FALSE
889,Zamazenta,468,FALSE,FALSE,-1,TRUE,[10189],FALSE,[fighting],TRUE,FALSE,galar,FALSE
10189,Zamazenta-crowned,468,FALSE,FALSE,-1,FALSE,,TRUE,"[fighting, steel]",FALSE,FALSE,galar,FALSE
890,Eternatus,469,FALSE,FALSE,-1,TRUE,[10190],FALSE,"[poison, dragon]",TRUE,FALSE,galar,FALSE
10190,Eternatus-eternamax,469,FALSE,FALSE,-1,FALSE,,TRUE,"[poison, dragon]",FALSE,FALSE,galar,FALSE
891,Kubfu,470,FALSE,FALSE,1,FALSE,,FALSE,[fighting],TRUE,FALSE,galar,FALSE
892,Urshifu-single-strike,470,FALSE,FALSE,1,TRUE,"[10191, 10226, 10227]",FALSE,"[fighting, dark]",TRUE,FALSE,galar,FALSE
10191,Urshifu-rapid-strike,470,FALSE,FALSE,1,FALSE,,TRUE,"[fighting, water]",FALSE,FALSE,galar,FALSE
10226,Urshifu-single-strike-gmax,470,FALSE,FALSE,1,FALSE,,TRUE,"[fighting, dark]",FALSE,FALSE,galar,FALSE
10227,Urshifu-rapid-strike-gmax,470,FALSE,FALSE,1,FALSE,,TRUE,"[fighting, water]",FALSE,FALSE,galar,FALSE
893,Zarude,471,FALSE,FALSE,-1,TRUE,[10192],FALSE,"[dark, grass]",FALSE,TRUE,galar,FALSE
10192,Zarude-dada,471,FALSE,FALSE,-1,FALSE,,TRUE,"[dark, grass]",FALSE,FALSE,galar,FALSE
894,Regieleki,472,FALSE,FALSE,-1,FALSE,,FALSE,[electric],TRUE,FALSE,galar,FALSE
895,Regidrago,473,FALSE,FALSE,-1,FALSE,,FALSE,[dragon],TRUE,FALSE,galar,FALSE
896,Glastrier,474,FALSE,FALSE,-1,FALSE,,FALSE,[ice],TRUE,FALSE,galar,FALSE
897,Spectrier,475,FALSE,FALSE,-1,FALSE,,FALSE,[ghost],TRUE,FALSE,galar,FALSE
898,Calyrex,476,FALSE,FALSE,-1,TRUE,"[10193, 10194]",FALSE,"[psychic, grass]",TRUE,FALSE,galar,FALSE
10193,Calyrex-ice,476,FALSE,FALSE,-1,FALSE,,TRUE,"[psychic, ice]",FALSE,FALSE,galar,FALSE
10194,Calyrex-shadow,476,FALSE,FALSE,-1,FALSE,,TRUE,"[psychic, ghost]",FALSE,FALSE,galar,FALSE